subject,optimizer,best_validation_loss,best_epoch,test_loss,test_accuracy,test_macro_f1,training_seconds,updates_per_epoch,total_updates
S1,Full-batch GD,1.001201632913669,100,0.8388234691925763,0.85,0.8416666666666667,3.995878499990795,1,100
S1,Mini-batch GD,1.1245430405924468,2,0.8837697678744758,0.8,0.7833333333333333,9.351763399958145,4,400
S1,Stochastic GD,0.0018134719001501169,1,0.7522880625974159,0.825,0.8270944741532977,7.86671660002321,32,3200
S1,SGD + Momentum,1.5445677348664075,1,1.0458222672389752,0.825,0.7911092530657747,8.699975700001232,4,400
S1,Adagrad,0.6148092485641486,2,0.37412706894876574,0.9,0.8986215538847118,6.462072700029239,4,400
S1,RMSprop,4.476875981027018,1,1.9045026585018554,0.8,0.7989898989898989,6.457184400002006,4,400
S1,Adam,0.7644214550301486,4,0.29153089530309767,0.925,0.9246031746031745,7.594252399983816,4,400
S1,AdamW,0.7564105889336128,4,0.29118769588397797,0.925,0.9246031746031745,8.163933900010306,4,400
S2,Full-batch GD,2.10611883330125,3,0.8917761400692313,0.75,0.6834144116752813,5.151005199993961,1,100
S2,Mini-batch GD,1.8585981175531738,4,0.7051661830774101,0.8,0.7566137566137565,11.844192199991085,4,400
S2,Stochastic GD,0.5018679345877931,3,0.0605713775277202,0.975,0.9749373433583959,7.589171200001147,32,3200
S2,SGD + Momentum,1.2816095332133446,3,0.6841914272983939,0.825,0.8245614035087719,22.869502999994438,4,400
S2,Adagrad,0.04283401241275311,1,0.09179207909085188,0.95,0.9484126984126984,9.083803699992131,4,400
S2,RMSprop,3.4538776394912394,5,2.662507674085178,0.9,0.8958333333333334,14.779909799981397,4,400
S2,Adam,2.2418384683646972,1,0.6101471533523357,0.9,0.8929865424430642,7.859171999967657,4,400
S2,AdamW,2.2396501455460385,1,0.6093759219743811,0.9,0.8929865424430642,8.995269200007897,4,400
S5,Full-batch GD,0.6176372298856343,85,0.6461292191370029,0.8,0.7500000000000001,2.8581057999981567,1,100
S5,Mini-batch GD,0.17638586302990772,74,1.1615593652623482,0.775,0.7051535421100639,5.3012881000177,4,400
S5,Stochastic GD,0.5705614067412055,6,0.9403559252273282,0.875,0.8747420020639834,5.846733100013807,32,3200
S5,SGD + Momentum,4.1013664693329623e-11,10,6.00802408671423,0.75,0.6605090311986863,4.740018799959216,4,400
S5,Adagrad,0.05428787834540652,100,1.4591677640368679,0.85,0.84903546745652,4.793081599986181,4,400
S5,RMSprop,4.2112255166271163e-07,2,8.710369811182227,0.625,0.5773148148148148,7.678939700010233,4,400
S5,Adam,0.006041691715394648,4,5.97240704005397,0.75,0.723021080552841,10.637817700044252,4,400
S5,AdamW,0.006183680928055596,4,5.9215797001239014,0.75,0.723021080552841,10.850447500008158,4,400
S7,Full-batch GD,0.13822288075315495,100,1.8071637097543156,0.6153846153846154,0.5404135338345865,4.1000077000353485,1,100
S7,Mini-batch GD,0.0567817218236484,100,1.9943018336844636,0.6666666666666666,0.5882407066617593,15.018270000000484,4,400
S7,Stochastic GD,1.8100730911892296e-05,100,5.932660134046616,0.7435897435897436,0.6605090311986863,7.077756899991073,30,3000
S7,SGD + Momentum,0.06342336032133448,1,3.1930971248550146,0.6410256410256411,0.5715488215488216,5.985712800000329,4,400
S7,Adagrad,9.444003820963218e-06,100,5.699129777292907,0.717948717948718,0.6416666666666666,7.41131709999172,4,400
S7,RMSprop,-0.0,1,6.354113354922854,0.7435897435897436,0.6964285714285714,11.303951300040353,4,400
S7,Adam,1.0633702256594966e-10,3,7.084877209212448,0.7435897435897436,0.6605090311986863,8.359913199965376,4,400
S7,AdamW,1.3087564372428383e-10,3,7.084877209212448,0.7435897435897436,0.6605090311986863,7.663492499967106,4,400
