original_folder,event,sensor,file,rows,columns,malformed_rows,missing_values,bad_timestamps,timestamp_format,median_interval_ms,error
S8_Bending_1_extracted,Event_0,JinsAccelerometer,JinsAccelerometer_Event_0.data,100,4,0,0,0,epoch milliseconds (2018-03-05 10:54:02.003000),52.0,
S8_Bending_1_extracted,Event_0,JinsBlinkSpeed,JinsBlinkSpeed_Event_0.data,100,2,0,0,0,epoch milliseconds (2018-03-05 10:54:02.003000),52.0,
S8_Bending_1_extracted,Event_0,JinsBlinkStrength,JinsBlinkStrength_Event_0.data,100,2,0,0,0,epoch milliseconds (2018-03-05 10:54:02.003000),52.0,
S8_Bending_1_extracted,Event_0,JinsEyeMovement,JinsEyeMovement_Event_0.data,100,5,0,0,0,epoch milliseconds (2018-03-05 10:54:02.003000),52.0,
S8_Bending_1_extracted,Event_0,JinsGyroscope,JinsGyroscope_Event_0.data,100,4,0,0,0,epoch milliseconds (2018-03-05 10:54:02.003000),52.0,
S8_Bending_1_extracted,Event_0,PhoneAccelerometer,PhoneAccelerometer_Event_0.data,1007,4,0,0,0,epoch milliseconds (2018-03-05 10:54:01.981000),5.0,
S8_Bending_1_extracted,Event_0,PhoneGravity,PhoneGravity_Event_0.data,1006,4,0,0,0,epoch milliseconds (2018-03-05 10:54:01.980000),5.0,
S8_Bending_1_extracted,Event_0,PhoneGyroscope,PhoneGyroscope_Event_0.data,1008,4,0,0,0,epoch milliseconds (2018-03-05 10:54:01.980000),5.0,
S8_Bending_1_extracted,Event_0,PhoneLinearAccelerometer,PhoneLinearAccelerometer_Event_0.data,1008,4,0,0,0,epoch milliseconds (2018-03-05 10:54:01.978000),5.0,
S8_Bending_1_extracted,Event_0,PhoneMagnetometer,PhoneMagnetometer_Event_0.data,501,4,0,0,0,epoch milliseconds (2018-03-05 10:54:01.980000),10.0,
S8_Bending_1_extracted,Event_0,android.sensor.accelerometer,android.sensor.accelerometer_Event_0.data,503,4,0,0,0,epoch milliseconds (2018-03-05 10:54:01.979000),10.0,
S8_Bending_1_extracted,Event_0,android.sensor.gyroscope,android.sensor.gyroscope_Event_0.data,503,4,0,0,0,epoch milliseconds (2018-03-05 10:54:01.986000),10.0,
S8_Bending_1_extracted,Event_1,JinsAccelerometer,JinsAccelerometer_Event_1.data,100,4,0,0,0,epoch milliseconds (2018-03-05 10:54:10.637000),52.0,
S8_Bending_1_extracted,Event_1,JinsBlinkSpeed,JinsBlinkSpeed_Event_1.data,100,2,0,0,0,epoch milliseconds (2018-03-05 10:54:10.637000),52.0,
S8_Bending_1_extracted,Event_1,JinsBlinkStrength,JinsBlinkStrength_Event_1.data,100,2,0,0,0,epoch milliseconds (2018-03-05 10:54:10.637000),52.0,
S8_Bending_1_extracted,Event_1,JinsEyeMovement,JinsEyeMovement_Event_1.data,100,5,0,0,0,epoch milliseconds (2018-03-05 10:54:10.637000),52.0,
S8_Bending_1_extracted,Event_1,JinsGyroscope,JinsGyroscope_Event_1.data,100,4,0,0,0,epoch milliseconds (2018-03-05 10:54:10.637000),52.0,
S8_Bending_1_extracted,Event_1,PhoneAccelerometer,PhoneAccelerometer_Event_1.data,1006,4,0,0,0,epoch milliseconds (2018-03-05 10:54:10.618000),5.0,
S8_Bending_1_extracted,Event_1,PhoneGravity,PhoneGravity_Event_1.data,1006,4,0,0,0,epoch milliseconds (2018-03-05 10:54:10.619000),5.0,
S8_Bending_1_extracted,Event_1,PhoneGyroscope,PhoneGyroscope_Event_1.data,1008,4,0,0,0,epoch milliseconds (2018-03-05 10:54:10.618000),5.0,
S8_Bending_1_extracted,Event_1,PhoneLinearAccelerometer,PhoneLinearAccelerometer_Event_1.data,1008,4,0,0,0,epoch milliseconds (2018-03-05 10:54:10.620000),5.0,
S8_Bending_1_extracted,Event_1,PhoneMagnetometer,PhoneMagnetometer_Event_1.data,501,4,0,0,0,epoch milliseconds (2018-03-05 10:54:10.617000),10.0,
S8_Bending_1_extracted,Event_1,android.sensor.accelerometer,android.sensor.accelerometer_Event_1.data,505,4,0,0,0,epoch milliseconds (2018-03-05 10:54:10.618000),10.0,
S8_Bending_1_extracted,Event_1,android.sensor.gyroscope,android.sensor.gyroscope_Event_1.data,505,4,0,0,0,epoch milliseconds (2018-03-05 10:54:10.618000),10.0,
S8_Bending_1_extracted,Event_2,JinsAccelerometer,JinsAccelerometer_Event_2.data,99,4,0,0,0,epoch milliseconds (2018-03-05 10:54:19.587000),52.0,
S8_Bending_1_extracted,Event_2,JinsBlinkSpeed,JinsBlinkSpeed_Event_2.data,99,2,0,0,0,epoch milliseconds (2018-03-05 10:54:19.587000),52.0,
S8_Bending_1_extracted,Event_2,JinsBlinkStrength,JinsBlinkStrength_Event_2.data,99,2,0,0,0,epoch milliseconds (2018-03-05 10:54:19.587000),52.0,
S8_Bending_1_extracted,Event_2,JinsEyeMovement,JinsEyeMovement_Event_2.data,99,5,0,0,0,epoch milliseconds (2018-03-05 10:54:19.587000),52.0,
S8_Bending_1_extracted,Event_2,JinsGyroscope,JinsGyroscope_Event_2.data,99,4,0,0,0,epoch milliseconds (2018-03-05 10:54:19.587000),52.0,
S8_Bending_1_extracted,Event_2,PhoneAccelerometer,PhoneAccelerometer_Event_2.data,1013,4,0,0,0,epoch milliseconds (2018-03-05 10:54:19.547000),5.0,
S8_Bending_1_extracted,Event_2,PhoneGravity,PhoneGravity_Event_2.data,1005,4,0,0,0,epoch milliseconds (2018-03-05 10:54:19.549000),5.0,
S8_Bending_1_extracted,Event_2,PhoneGyroscope,PhoneGyroscope_Event_2.data,1007,4,0,0,0,epoch milliseconds (2018-03-05 10:54:19.545000),5.0,
S8_Bending_1_extracted,Event_2,PhoneLinearAccelerometer,PhoneLinearAccelerometer_Event_2.data,1006,4,0,0,0,epoch milliseconds (2018-03-05 10:54:19.549000),5.0,
S8_Bending_1_extracted,Event_2,PhoneMagnetometer,PhoneMagnetometer_Event_2.data,501,4,0,0,0,epoch milliseconds (2018-03-05 10:54:19.547000),10.0,
S8_Bending_1_extracted,Event_2,android.sensor.accelerometer,android.sensor.accelerometer_Event_2.data,496,4,0,0,0,epoch milliseconds (2018-03-05 10:54:19.546000),10.0,
S8_Bending_1_extracted,Event_2,android.sensor.gyroscope,android.sensor.gyroscope_Event_2.data,495,4,0,0,0,epoch milliseconds (2018-03-05 10:54:19.550000),10.0,
S8_Bending_1_extracted,Event_3,JinsAccelerometer,JinsAccelerometer_Event_3.data,100,4,0,0,0,epoch milliseconds (2018-03-05 10:54:28.379000),52.0,
S8_Bending_1_extracted,Event_3,JinsBlinkSpeed,JinsBlinkSpeed_Event_3.data,100,2,0,0,0,epoch milliseconds (2018-03-05 10:54:28.379000),52.0,
S8_Bending_1_extracted,Event_3,JinsBlinkStrength,JinsBlinkStrength_Event_3.data,100,2,0,0,0,epoch milliseconds (2018-03-05 10:54:28.379000),52.0,
S8_Bending_1_extracted,Event_3,JinsEyeMovement,JinsEyeMovement_Event_3.data,100,5,0,0,0,epoch milliseconds (2018-03-05 10:54:28.379000),52.0,
S8_Bending_1_extracted,Event_3,JinsGyroscope,JinsGyroscope_Event_3.data,100,4,0,0,0,epoch milliseconds (2018-03-05 10:54:28.379000),52.0,
S8_Bending_1_extracted,Event_3,PhoneAccelerometer,PhoneAccelerometer_Event_3.data,1006,4,0,0,0,epoch milliseconds (2018-03-05 10:54:28.349000),5.0,
S8_Bending_1_extracted,Event_3,PhoneGravity,PhoneGravity_Event_3.data,1008,4,0,0,0,epoch milliseconds (2018-03-05 10:54:28.345000),5.0,
S8_Bending_1_extracted,Event_3,PhoneGyroscope,PhoneGyroscope_Event_3.data,1009,4,0,0,0,epoch milliseconds (2018-03-05 10:54:28.345000),5.0,
S8_Bending_1_extracted,Event_3,PhoneLinearAccelerometer,PhoneLinearAccelerometer_Event_3.data,1007,4,0,0,0,epoch milliseconds (2018-03-05 10:54:28.349000),5.0,
S8_Bending_1_extracted,Event_3,PhoneMagnetometer,PhoneMagnetometer_Event_3.data,502,4,0,0,0,epoch milliseconds (2018-03-05 10:54:28.350000),10.0,
S8_Bending_1_extracted,Event_3,android.sensor.accelerometer,android.sensor.accelerometer_Event_3.data,501,4,0,0,0,epoch milliseconds (2018-03-05 10:54:28.346000),10.0,
S8_Bending_1_extracted,Event_3,android.sensor.gyroscope,android.sensor.gyroscope_Event_3.data,500,4,0,0,0,epoch milliseconds (2018-03-05 10:54:28.349000),10.0,
S8_Bending_1_extracted,Event_4,JinsAccelerometer,JinsAccelerometer_Event_4.data,100,4,0,0,0,epoch milliseconds (2018-03-05 10:54:37.145000),52.0,
S8_Bending_1_extracted,Event_4,JinsBlinkSpeed,JinsBlinkSpeed_Event_4.data,100,2,0,0,0,epoch milliseconds (2018-03-05 10:54:37.145000),52.0,
S8_Bending_1_extracted,Event_4,JinsBlinkStrength,JinsBlinkStrength_Event_4.data,100,2,0,0,0,epoch milliseconds (2018-03-05 10:54:37.145000),52.0,
S8_Bending_1_extracted,Event_4,JinsEyeMovement,JinsEyeMovement_Event_4.data,100,5,0,0,0,epoch milliseconds (2018-03-05 10:54:37.145000),52.0,
S8_Bending_1_extracted,Event_4,JinsGyroscope,JinsGyroscope_Event_4.data,100,4,0,0,0,epoch milliseconds (2018-03-05 10:54:37.145000),52.0,
S8_Bending_1_extracted,Event_4,PhoneAccelerometer,PhoneAccelerometer_Event_4.data,1007,4,0,0,0,epoch milliseconds (2018-03-05 10:54:37.114000),5.0,
S8_Bending_1_extracted,Event_4,PhoneGravity,PhoneGravity_Event_4.data,1006,4,0,0,0,epoch milliseconds (2018-03-05 10:54:37.115000),5.0,
S8_Bending_1_extracted,Event_4,PhoneGyroscope,PhoneGyroscope_Event_4.data,1005,4,0,0,0,epoch milliseconds (2018-03-05 10:54:37.116000),5.0,
S8_Bending_1_extracted,Event_4,PhoneLinearAccelerometer,PhoneLinearAccelerometer_Event_4.data,1008,4,0,0,0,epoch milliseconds (2018-03-05 10:54:37.116000),5.0,
S8_Bending_1_extracted,Event_4,PhoneMagnetometer,PhoneMagnetometer_Event_4.data,501,4,0,0,0,epoch milliseconds (2018-03-05 10:54:37.117000),10.0,
S8_Bending_1_extracted,Event_4,android.sensor.accelerometer,android.sensor.accelerometer_Event_4.data,500,4,0,0,0,epoch milliseconds (2018-03-05 10:54:37.123000),10.0,
S8_Bending_1_extracted,Event_4,android.sensor.gyroscope,android.sensor.gyroscope_Event_4.data,500,4,0,0,0,epoch milliseconds (2018-03-05 10:54:37.116000),10.0,
S8_Bending_1_extracted,Event_5,JinsAccelerometer,JinsAccelerometer_Event_5.data,101,4,0,0,0,epoch milliseconds (2018-03-05 10:54:47.044000),52.0,
S8_Bending_1_extracted,Event_5,JinsBlinkSpeed,JinsBlinkSpeed_Event_5.data,101,2,0,0,0,epoch milliseconds (2018-03-05 10:54:47.044000),52.0,
S8_Bending_1_extracted,Event_5,JinsBlinkStrength,JinsBlinkStrength_Event_5.data,101,2,0,0,0,epoch milliseconds (2018-03-05 10:54:47.044000),52.0,
S8_Bending_1_extracted,Event_5,JinsEyeMovement,JinsEyeMovement_Event_5.data,101,5,0,0,0,epoch milliseconds (2018-03-05 10:54:47.044000),52.0,
S8_Bending_1_extracted,Event_5,JinsGyroscope,JinsGyroscope_Event_5.data,101,4,0,0,0,epoch milliseconds (2018-03-05 10:54:47.044000),52.0,
S8_Bending_1_extracted,Event_5,PhoneAccelerometer,PhoneAccelerometer_Event_5.data,1007,4,0,0,0,epoch milliseconds (2018-03-05 10:54:47.036000),5.0,
S8_Bending_1_extracted,Event_5,PhoneGravity,PhoneGravity_Event_5.data,1006,4,0,0,0,epoch milliseconds (2018-03-05 10:54:47.033000),5.0,
S8_Bending_1_extracted,Event_5,PhoneGyroscope,PhoneGyroscope_Event_5.data,1007,4,0,0,0,epoch milliseconds (2018-03-05 10:54:47.036000),5.0,
S8_Bending_1_extracted,Event_5,PhoneLinearAccelerometer,PhoneLinearAccelerometer_Event_5.data,1007,4,0,0,0,epoch milliseconds (2018-03-05 10:54:47.035000),5.0,
S8_Bending_1_extracted,Event_5,PhoneMagnetometer,PhoneMagnetometer_Event_5.data,501,4,0,0,0,epoch milliseconds (2018-03-05 10:54:47.035000),10.0,
S8_Bending_1_extracted,Event_5,android.sensor.accelerometer,android.sensor.accelerometer_Event_5.data,491,4,0,0,0,epoch milliseconds (2018-03-05 10:54:47.037000),10.0,
S8_Bending_1_extracted,Event_5,android.sensor.gyroscope,android.sensor.gyroscope_Event_5.data,491,4,0,0,0,epoch milliseconds (2018-03-05 10:54:47.038000),10.0,
S8_Bending_1_extracted,Event_6,JinsAccelerometer,JinsAccelerometer_Event_6.data,100,4,0,0,0,epoch milliseconds (2018-03-05 10:54:56.940000),52.0,
S8_Bending_1_extracted,Event_6,JinsBlinkSpeed,JinsBlinkSpeed_Event_6.data,100,2,0,0,0,epoch milliseconds (2018-03-05 10:54:56.940000),52.0,
S8_Bending_1_extracted,Event_6,JinsBlinkStrength,JinsBlinkStrength_Event_6.data,100,2,0,0,0,epoch milliseconds (2018-03-05 10:54:56.940000),52.0,
S8_Bending_1_extracted,Event_6,JinsEyeMovement,JinsEyeMovement_Event_6.data,100,5,0,0,0,epoch milliseconds (2018-03-05 10:54:56.940000),52.0,
S8_Bending_1_extracted,Event_6,JinsGyroscope,JinsGyroscope_Event_6.data,100,4,0,0,0,epoch milliseconds (2018-03-05 10:54:56.940000),52.0,
S8_Bending_1_extracted,Event_6,PhoneAccelerometer,PhoneAccelerometer_Event_6.data,996,4,0,0,0,epoch milliseconds (2018-03-05 10:54:56.930000),5.0,
S8_Bending_1_extracted,Event_6,PhoneGravity,PhoneGravity_Event_6.data,1003,4,0,0,0,epoch milliseconds (2018-03-05 10:54:56.930000),5.0,
S8_Bending_1_extracted,Event_6,PhoneGyroscope,PhoneGyroscope_Event_6.data,1003,4,0,0,0,epoch milliseconds (2018-03-05 10:54:56.931000),5.0,
S8_Bending_1_extracted,Event_6,PhoneLinearAccelerometer,PhoneLinearAccelerometer_Event_6.data,1003,4,0,0,0,epoch milliseconds (2018-03-05 10:54:56.933000),5.0,
S8_Bending_1_extracted,Event_6,PhoneMagnetometer,PhoneMagnetometer_Event_6.data,500,4,0,0,0,epoch milliseconds (2018-03-05 10:54:56.938000),10.0,
S8_Bending_1_extracted,Event_6,android.sensor.accelerometer,android.sensor.accelerometer_Event_6.data,511,4,0,0,0,epoch milliseconds (2018-03-05 10:54:56.939000),10.0,
S8_Bending_1_extracted,Event_6,android.sensor.gyroscope,android.sensor.gyroscope_Event_6.data,512,4,0,0,0,epoch milliseconds (2018-03-05 10:54:56.933000),10.0,
S8_Bending_1_extracted,Event_7,JinsAccelerometer,JinsAccelerometer_Event_7.data,100,4,0,0,0,epoch milliseconds (2018-03-05 10:55:06.283000),52.0,
S8_Bending_1_extracted,Event_7,JinsBlinkSpeed,JinsBlinkSpeed_Event_7.data,100,2,0,0,0,epoch milliseconds (2018-03-05 10:55:06.283000),52.0,
S8_Bending_1_extracted,Event_7,JinsBlinkStrength,JinsBlinkStrength_Event_7.data,100,2,0,0,0,epoch milliseconds (2018-03-05 10:55:06.283000),52.0,
S8_Bending_1_extracted,Event_7,JinsEyeMovement,JinsEyeMovement_Event_7.data,100,5,0,0,0,epoch milliseconds (2018-03-05 10:55:06.283000),52.0,
S8_Bending_1_extracted,Event_7,JinsGyroscope,JinsGyroscope_Event_7.data,100,4,0,0,0,epoch milliseconds (2018-03-05 10:55:06.283000),52.0,
S8_Bending_1_extracted,Event_7,PhoneAccelerometer,PhoneAccelerometer_Event_7.data,1007,4,0,0,0,epoch milliseconds (2018-03-05 10:55:06.267000),5.0,
S8_Bending_1_extracted,Event_7,PhoneGravity,PhoneGravity_Event_7.data,1008,4,0,0,0,epoch milliseconds (2018-03-05 10:55:06.266000),5.0,
S8_Bending_1_extracted,Event_7,PhoneGyroscope,PhoneGyroscope_Event_7.data,1008,4,0,0,0,epoch milliseconds (2018-03-05 10:55:06.268000),5.0,
S8_Bending_1_extracted,Event_7,PhoneLinearAccelerometer,PhoneLinearAccelerometer_Event_7.data,1007,4,0,0,0,epoch milliseconds (2018-03-05 10:55:06.267000),5.0,
S8_Bending_1_extracted,Event_7,PhoneMagnetometer,PhoneMagnetometer_Event_7.data,501,4,0,0,0,epoch milliseconds (2018-03-05 10:55:06.265000),10.0,
S8_Bending_1_extracted,Event_7,android.sensor.accelerometer,android.sensor.accelerometer_Event_7.data,498,4,0,0,0,epoch milliseconds (2018-03-05 10:55:06.265000),10.0,
S8_Bending_1_extracted,Event_7,android.sensor.gyroscope,android.sensor.gyroscope_Event_7.data,499,4,0,0,0,epoch milliseconds (2018-03-05 10:55:06.265000),10.0,
S8_Bending_1_extracted,Event_8,JinsAccelerometer,JinsAccelerometer_Event_8.data,100,4,0,0,0,epoch milliseconds (2018-03-05 10:55:15.496000),52.0,
S8_Bending_1_extracted,Event_8,JinsBlinkSpeed,JinsBlinkSpeed_Event_8.data,100,2,0,0,0,epoch milliseconds (2018-03-05 10:55:15.496000),52.0,
S8_Bending_1_extracted,Event_8,JinsBlinkStrength,JinsBlinkStrength_Event_8.data,100,2,0,0,0,epoch milliseconds (2018-03-05 10:55:15.496000),52.0,
S8_Bending_1_extracted,Event_8,JinsEyeMovement,JinsEyeMovement_Event_8.data,100,5,0,0,0,epoch milliseconds (2018-03-05 10:55:15.496000),52.0,
S8_Bending_1_extracted,Event_8,JinsGyroscope,JinsGyroscope_Event_8.data,100,4,0,0,0,epoch milliseconds (2018-03-05 10:55:15.496000),52.0,
S8_Bending_1_extracted,Event_8,PhoneAccelerometer,PhoneAccelerometer_Event_8.data,1008,4,0,0,0,epoch milliseconds (2018-03-05 10:55:15.465000),5.0,
S8_Bending_1_extracted,Event_8,PhoneGravity,PhoneGravity_Event_8.data,1006,4,0,0,0,epoch milliseconds (2018-03-05 10:55:15.469000),5.0,
S8_Bending_1_extracted,Event_8,PhoneGyroscope,PhoneGyroscope_Event_8.data,1005,4,0,0,0,epoch milliseconds (2018-03-05 10:55:15.469000),5.0,
S8_Bending_1_extracted,Event_8,PhoneLinearAccelerometer,PhoneLinearAccelerometer_Event_8.data,1007,4,0,0,0,epoch milliseconds (2018-03-05 10:55:15.467000),5.0,
S8_Bending_1_extracted,Event_8,PhoneMagnetometer,PhoneMagnetometer_Event_8.data,501,4,0,0,0,epoch milliseconds (2018-03-05 10:55:15.473000),10.0,
S8_Bending_1_extracted,Event_8,android.sensor.accelerometer,android.sensor.accelerometer_Event_8.data,501,4,0,0,0,epoch milliseconds (2018-03-05 10:55:15.472000),10.0,
S8_Bending_1_extracted,Event_8,android.sensor.gyroscope,android.sensor.gyroscope_Event_8.data,500,4,0,0,0,epoch milliseconds (2018-03-05 10:55:15.474000),10.0,
S8_Bending_1_extracted,Event_9,JinsAccelerometer,JinsAccelerometer_Event_9.data,100,4,0,0,0,epoch milliseconds (2018-03-05 10:55:24.793000),52.0,
S8_Bending_1_extracted,Event_9,JinsBlinkSpeed,JinsBlinkSpeed_Event_9.data,100,2,0,0,0,epoch milliseconds (2018-03-05 10:55:24.793000),52.0,
S8_Bending_1_extracted,Event_9,JinsBlinkStrength,JinsBlinkStrength_Event_9.data,100,2,0,0,0,epoch milliseconds (2018-03-05 10:55:24.793000),52.0,
S8_Bending_1_extracted,Event_9,JinsEyeMovement,JinsEyeMovement_Event_9.data,100,5,0,0,0,epoch milliseconds (2018-03-05 10:55:24.793000),52.0,
S8_Bending_1_extracted,Event_9,JinsGyroscope,JinsGyroscope_Event_9.data,100,4,0,0,0,epoch milliseconds (2018-03-05 10:55:24.793000),52.0,
S8_Bending_1_extracted,Event_9,PhoneAccelerometer,PhoneAccelerometer_Event_9.data,1008,4,0,0,0,epoch milliseconds (2018-03-05 10:55:24.778000),5.0,
S8_Bending_1_extracted,Event_9,PhoneGravity,PhoneGravity_Event_9.data,1007,4,0,0,0,epoch milliseconds (2018-03-05 10:55:24.777000),5.0,
S8_Bending_1_extracted,Event_9,PhoneGyroscope,PhoneGyroscope_Event_9.data,1009,4,0,0,0,epoch milliseconds (2018-03-05 10:55:24.777000),5.0,
S8_Bending_1_extracted,Event_9,PhoneLinearAccelerometer,PhoneLinearAccelerometer_Event_9.data,1006,4,0,0,0,epoch milliseconds (2018-03-05 10:55:24.781000),5.0,
S8_Bending_1_extracted,Event_9,PhoneMagnetometer,PhoneMagnetometer_Event_9.data,501,4,0,0,0,epoch milliseconds (2018-03-05 10:55:24.782000),10.0,
S8_Bending_1_extracted,Event_9,android.sensor.accelerometer,android.sensor.accelerometer_Event_9.data,507,4,0,0,0,epoch milliseconds (2018-03-05 10:55:24.783000),10.0,
S8_Bending_1_extracted,Event_9,android.sensor.gyroscope,android.sensor.gyroscope_Event_9.data,507,4,0,0,0,epoch milliseconds (2018-03-05 10:55:24.780000),10.0,
S8_Bending_2_extracted,Event_0,JinsAccelerometer,JinsAccelerometer_Event_0.data,100,4,0,0,0,epoch milliseconds (2018-03-05 10:56:48.003000),52.0,
S8_Bending_2_extracted,Event_0,JinsBlinkSpeed,JinsBlinkSpeed_Event_0.data,100,2,0,0,0,epoch milliseconds (2018-03-05 10:56:48.003000),52.0,
S8_Bending_2_extracted,Event_0,JinsBlinkStrength,JinsBlinkStrength_Event_0.data,100,2,0,0,0,epoch milliseconds (2018-03-05 10:56:48.003000),52.0,
S8_Bending_2_extracted,Event_0,JinsEyeMovement,JinsEyeMovement_Event_0.data,100,5,0,0,0,epoch milliseconds (2018-03-05 10:56:48.003000),52.0,
S8_Bending_2_extracted,Event_0,JinsGyroscope,JinsGyroscope_Event_0.data,100,4,0,0,0,epoch milliseconds (2018-03-05 10:56:48.003000),52.0,
S8_Bending_2_extracted,Event_0,PhoneAccelerometer,PhoneAccelerometer_Event_0.data,1006,4,0,0,0,epoch milliseconds (2018-03-05 10:56:47.982000),5.0,
S8_Bending_2_extracted,Event_0,PhoneGravity,PhoneGravity_Event_0.data,1007,4,0,0,0,epoch milliseconds (2018-03-05 10:56:47.979000),5.0,
S8_Bending_2_extracted,Event_0,PhoneGyroscope,PhoneGyroscope_Event_0.data,1008,4,0,0,0,epoch milliseconds (2018-03-05 10:56:47.978000),5.0,
S8_Bending_2_extracted,Event_0,PhoneLinearAccelerometer,PhoneLinearAccelerometer_Event_0.data,1007,4,0,0,0,epoch milliseconds (2018-03-05 10:56:47.981000),5.0,
S8_Bending_2_extracted,Event_0,PhoneMagnetometer,PhoneMagnetometer_Event_0.data,503,4,0,0,0,epoch milliseconds (2018-03-05 10:56:47.985000),10.0,
S8_Bending_2_extracted,Event_0,android.sensor.accelerometer,android.sensor.accelerometer_Event_0.data,492,4,0,0,0,epoch milliseconds (2018-03-05 10:56:47.981000),10.0,
S8_Bending_2_extracted,Event_0,android.sensor.gyroscope,android.sensor.gyroscope_Event_0.data,493,4,0,0,0,epoch milliseconds (2018-03-05 10:56:47.978000),10.0,
S8_Bending_2_extracted,Event_1,JinsAccelerometer,JinsAccelerometer_Event_1.data,99,4,0,0,0,epoch milliseconds (2018-03-05 10:56:56.981000),52.0,
S8_Bending_2_extracted,Event_1,JinsBlinkSpeed,JinsBlinkSpeed_Event_1.data,99,2,0,0,0,epoch milliseconds (2018-03-05 10:56:56.981000),52.0,
S8_Bending_2_extracted,Event_1,JinsBlinkStrength,JinsBlinkStrength_Event_1.data,99,2,0,0,0,epoch milliseconds (2018-03-05 10:56:56.981000),52.0,
S8_Bending_2_extracted,Event_1,JinsEyeMovement,JinsEyeMovement_Event_1.data,99,5,0,0,0,epoch milliseconds (2018-03-05 10:56:56.981000),52.0,
S8_Bending_2_extracted,Event_1,JinsGyroscope,JinsGyroscope_Event_1.data,99,4,0,0,0,epoch milliseconds (2018-03-05 10:56:56.981000),52.0,
S8_Bending_2_extracted,Event_1,PhoneAccelerometer,PhoneAccelerometer_Event_1.data,1006,4,0,0,0,epoch milliseconds (2018-03-05 10:56:56.948000),5.0,
S8_Bending_2_extracted,Event_1,PhoneGravity,PhoneGravity_Event_1.data,1006,4,0,0,0,epoch milliseconds (2018-03-05 10:56:56.945000),5.0,
S8_Bending_2_extracted,Event_1,PhoneGyroscope,PhoneGyroscope_Event_1.data,1008,4,0,0,0,epoch milliseconds (2018-03-05 10:56:56.948000),5.0,
S8_Bending_2_extracted,Event_1,PhoneLinearAccelerometer,PhoneLinearAccelerometer_Event_1.data,1007,4,0,0,0,epoch milliseconds (2018-03-05 10:56:56.947000),5.0,
S8_Bending_2_extracted,Event_1,PhoneMagnetometer,PhoneMagnetometer_Event_1.data,501,4,0,0,0,epoch milliseconds (2018-03-05 10:56:56.951000),10.0,
S8_Bending_2_extracted,Event_1,android.sensor.accelerometer,android.sensor.accelerometer_Event_1.data,507,4,0,0,0,epoch milliseconds (2018-03-05 10:56:56.949000),10.0,
S8_Bending_2_extracted,Event_1,android.sensor.gyroscope,android.sensor.gyroscope_Event_1.data,506,4,0,0,0,epoch milliseconds (2018-03-05 10:56:56.947000),10.0,
S8_Bending_2_extracted,Event_2,JinsAccelerometer,JinsAccelerometer_Event_2.data,100,4,0,0,0,epoch milliseconds (2018-03-05 10:57:06.201000),52.0,
S8_Bending_2_extracted,Event_2,JinsBlinkSpeed,JinsBlinkSpeed_Event_2.data,100,2,0,0,0,epoch milliseconds (2018-03-05 10:57:06.201000),52.0,
S8_Bending_2_extracted,Event_2,JinsBlinkStrength,JinsBlinkStrength_Event_2.data,100,2,0,0,0,epoch milliseconds (2018-03-05 10:57:06.201000),52.0,
S8_Bending_2_extracted,Event_2,JinsEyeMovement,JinsEyeMovement_Event_2.data,100,5,0,0,0,epoch milliseconds (2018-03-05 10:57:06.201000),52.0,
S8_Bending_2_extracted,Event_2,JinsGyroscope,JinsGyroscope_Event_2.data,100,4,0,0,0,epoch milliseconds (2018-03-05 10:57:06.201000),52.0,
S8_Bending_2_extracted,Event_2,PhoneAccelerometer,PhoneAccelerometer_Event_2.data,1003,4,0,0,0,epoch milliseconds (2018-03-05 10:57:06.154000),5.0,
S8_Bending_2_extracted,Event_2,PhoneGravity,PhoneGravity_Event_2.data,1008,4,0,0,0,epoch milliseconds (2018-03-05 10:57:06.155000),5.0,
S8_Bending_2_extracted,Event_2,PhoneGyroscope,PhoneGyroscope_Event_2.data,1008,4,0,0,0,epoch milliseconds (2018-03-05 10:57:06.154000),5.0,
S8_Bending_2_extracted,Event_2,PhoneLinearAccelerometer,PhoneLinearAccelerometer_Event_2.data,1009,4,0,0,0,epoch milliseconds (2018-03-05 10:57:06.154000),5.0,
S8_Bending_2_extracted,Event_2,PhoneMagnetometer,PhoneMagnetometer_Event_2.data,501,4,0,0,0,epoch milliseconds (2018-03-05 10:57:06.153000),10.0,
S8_Bending_2_extracted,Event_2,android.sensor.accelerometer,android.sensor.accelerometer_Event_2.data,493,4,0,0,0,epoch milliseconds (2018-03-05 10:57:06.159000),10.0,
S8_Bending_2_extracted,Event_2,android.sensor.gyroscope,android.sensor.gyroscope_Event_2.data,493,4,0,0,0,epoch milliseconds (2018-03-05 10:57:06.153000),10.0,
S8_Bending_2_extracted,Event_3,JinsAccelerometer,JinsAccelerometer_Event_3.data,100,4,0,0,0,epoch milliseconds (2018-03-05 10:57:14.811000),53.0,
S8_Bending_2_extracted,Event_3,JinsBlinkSpeed,JinsBlinkSpeed_Event_3.data,100,2,0,0,0,epoch milliseconds (2018-03-05 10:57:14.811000),53.0,
S8_Bending_2_extracted,Event_3,JinsBlinkStrength,JinsBlinkStrength_Event_3.data,100,2,0,0,0,epoch milliseconds (2018-03-05 10:57:14.811000),53.0,
S8_Bending_2_extracted,Event_3,JinsEyeMovement,JinsEyeMovement_Event_3.data,100,5,0,0,0,epoch milliseconds (2018-03-05 10:57:14.811000),53.0,
S8_Bending_2_extracted,Event_3,JinsGyroscope,JinsGyroscope_Event_3.data,100,4,0,0,0,epoch milliseconds (2018-03-05 10:57:14.811000),53.0,
S8_Bending_2_extracted,Event_3,PhoneAccelerometer,PhoneAccelerometer_Event_3.data,1007,4,0,0,0,epoch milliseconds (2018-03-05 10:57:14.794000),5.0,
S8_Bending_2_extracted,Event_3,PhoneGravity,PhoneGravity_Event_3.data,1008,4,0,0,0,epoch milliseconds (2018-03-05 10:57:14.794000),5.0,
S8_Bending_2_extracted,Event_3,PhoneGyroscope,PhoneGyroscope_Event_3.data,1009,4,0,0,0,epoch milliseconds (2018-03-05 10:57:14.793000),5.0,
S8_Bending_2_extracted,Event_3,PhoneLinearAccelerometer,PhoneLinearAccelerometer_Event_3.data,1007,4,0,0,0,epoch milliseconds (2018-03-05 10:57:14.794000),5.0,
S8_Bending_2_extracted,Event_3,PhoneMagnetometer,PhoneMagnetometer_Event_3.data,501,4,0,0,0,epoch milliseconds (2018-03-05 10:57:14.801000),10.0,
S8_Bending_2_extracted,Event_3,android.sensor.accelerometer,android.sensor.accelerometer_Event_3.data,495,4,0,0,0,epoch milliseconds (2018-03-05 10:57:14.800000),10.0,
S8_Bending_2_extracted,Event_3,android.sensor.gyroscope,android.sensor.gyroscope_Event_3.data,497,4,0,0,0,epoch milliseconds (2018-03-05 10:57:14.796000),10.0,
S8_Bending_2_extracted,Event_4,JinsAccelerometer,JinsAccelerometer_Event_4.data,100,4,0,0,0,epoch milliseconds (2018-03-05 10:57:24.157000),52.0,
S8_Bending_2_extracted,Event_4,JinsBlinkSpeed,JinsBlinkSpeed_Event_4.data,100,2,0,0,0,epoch milliseconds (2018-03-05 10:57:24.157000),52.0,
S8_Bending_2_extracted,Event_4,JinsBlinkStrength,JinsBlinkStrength_Event_4.data,100,2,0,0,0,epoch milliseconds (2018-03-05 10:57:24.157000),52.0,
S8_Bending_2_extracted,Event_4,JinsEyeMovement,JinsEyeMovement_Event_4.data,100,5,0,0,0,epoch milliseconds (2018-03-05 10:57:24.157000),52.0,
S8_Bending_2_extracted,Event_4,JinsGyroscope,JinsGyroscope_Event_4.data,100,4,0,0,0,epoch milliseconds (2018-03-05 10:57:24.157000),52.0,
S8_Bending_2_extracted,Event_4,PhoneAccelerometer,PhoneAccelerometer_Event_4.data,1007,4,0,0,0,epoch milliseconds (2018-03-05 10:57:24.124000),5.0,
S8_Bending_2_extracted,Event_4,PhoneGravity,PhoneGravity_Event_4.data,1006,4,0,0,0,epoch milliseconds (2018-03-05 10:57:24.125000),5.0,
S8_Bending_2_extracted,Event_4,PhoneGyroscope,PhoneGyroscope_Event_4.data,1006,4,0,0,0,epoch milliseconds (2018-03-05 10:57:24.122000),5.0,
S8_Bending_2_extracted,Event_4,PhoneLinearAccelerometer,PhoneLinearAccelerometer_Event_4.data,1007,4,0,0,0,epoch milliseconds (2018-03-05 10:57:24.122000),5.0,
S8_Bending_2_extracted,Event_4,PhoneMagnetometer,PhoneMagnetometer_Event_4.data,501,4,0,0,0,epoch milliseconds (2018-03-05 10:57:24.130000),10.0,
S8_Bending_2_extracted,Event_4,android.sensor.accelerometer,android.sensor.accelerometer_Event_4.data,500,4,0,0,0,epoch milliseconds (2018-03-05 10:57:24.124000),10.0,
S8_Bending_2_extracted,Event_4,android.sensor.gyroscope,android.sensor.gyroscope_Event_4.data,500,4,0,0,0,epoch milliseconds (2018-03-05 10:57:24.126000),10.0,
S8_Bending_2_extracted,Event_5,JinsAccelerometer,JinsAccelerometer_Event_5.data,100,4,0,0,0,epoch milliseconds (2018-03-05 10:57:32.940000),52.0,
S8_Bending_2_extracted,Event_5,JinsBlinkSpeed,JinsBlinkSpeed_Event_5.data,100,2,0,0,0,epoch milliseconds (2018-03-05 10:57:32.940000),52.0,
S8_Bending_2_extracted,Event_5,JinsBlinkStrength,JinsBlinkStrength_Event_5.data,100,2,0,0,0,epoch milliseconds (2018-03-05 10:57:32.940000),52.0,
S8_Bending_2_extracted,Event_5,JinsEyeMovement,JinsEyeMovement_Event_5.data,100,5,0,0,0,epoch milliseconds (2018-03-05 10:57:32.940000),52.0,
S8_Bending_2_extracted,Event_5,JinsGyroscope,JinsGyroscope_Event_5.data,100,4,0,0,0,epoch milliseconds (2018-03-05 10:57:32.940000),52.0,
S8_Bending_2_extracted,Event_5,PhoneAccelerometer,PhoneAccelerometer_Event_5.data,1007,4,0,0,0,epoch milliseconds (2018-03-05 10:57:32.922000),5.0,
S8_Bending_2_extracted,Event_5,PhoneGravity,PhoneGravity_Event_5.data,1007,4,0,0,0,epoch milliseconds (2018-03-05 10:57:32.923000),5.0,
S8_Bending_2_extracted,Event_5,PhoneGyroscope,PhoneGyroscope_Event_5.data,1006,4,0,0,0,epoch milliseconds (2018-03-05 10:57:32.923000),5.0,
S8_Bending_2_extracted,Event_5,PhoneLinearAccelerometer,PhoneLinearAccelerometer_Event_5.data,1006,4,0,0,0,epoch milliseconds (2018-03-05 10:57:32.926000),5.0,
S8_Bending_2_extracted,Event_5,PhoneMagnetometer,PhoneMagnetometer_Event_5.data,501,4,0,0,0,epoch milliseconds (2018-03-05 10:57:32.923000),10.0,
S8_Bending_2_extracted,Event_5,android.sensor.accelerometer,android.sensor.accelerometer_Event_5.data,497,4,0,0,0,epoch milliseconds (2018-03-05 10:57:32.929000),10.0,
S8_Bending_2_extracted,Event_5,android.sensor.gyroscope,android.sensor.gyroscope_Event_5.data,496,4,0,0,0,epoch milliseconds (2018-03-05 10:57:32.928000),10.0,
S8_Bending_2_extracted,Event_6,JinsAccelerometer,JinsAccelerometer_Event_6.data,99,4,0,0,0,epoch milliseconds (2018-03-05 10:57:42.793000),52.5,
S8_Bending_2_extracted,Event_6,JinsBlinkSpeed,JinsBlinkSpeed_Event_6.data,99,2,0,0,0,epoch milliseconds (2018-03-05 10:57:42.793000),52.5,
S8_Bending_2_extracted,Event_6,JinsBlinkStrength,JinsBlinkStrength_Event_6.data,99,2,0,0,0,epoch milliseconds (2018-03-05 10:57:42.793000),52.5,
S8_Bending_2_extracted,Event_6,JinsEyeMovement,JinsEyeMovement_Event_6.data,99,5,0,0,0,epoch milliseconds (2018-03-05 10:57:42.793000),52.5,
S8_Bending_2_extracted,Event_6,JinsGyroscope,JinsGyroscope_Event_6.data,99,4,0,0,0,epoch milliseconds (2018-03-05 10:57:42.793000),52.5,
S8_Bending_2_extracted,Event_6,PhoneAccelerometer,PhoneAccelerometer_Event_6.data,1007,4,0,0,0,epoch milliseconds (2018-03-05 10:57:42.748000),5.0,
S8_Bending_2_extracted,Event_6,PhoneGravity,PhoneGravity_Event_6.data,1006,4,0,0,0,epoch milliseconds (2018-03-05 10:57:42.749000),5.0,
S8_Bending_2_extracted,Event_6,PhoneGyroscope,PhoneGyroscope_Event_6.data,1006,4,0,0,0,epoch milliseconds (2018-03-05 10:57:42.747000),5.0,
S8_Bending_2_extracted,Event_6,PhoneLinearAccelerometer,PhoneLinearAccelerometer_Event_6.data,1006,4,0,0,0,epoch milliseconds (2018-03-05 10:57:42.748000),5.0,
S8_Bending_2_extracted,Event_6,PhoneMagnetometer,PhoneMagnetometer_Event_6.data,500,4,0,0,0,epoch milliseconds (2018-03-05 10:57:42.754000),10.0,
S8_Bending_2_extracted,Event_6,android.sensor.accelerometer,android.sensor.accelerometer_Event_6.data,511,4,0,0,0,epoch milliseconds (2018-03-05 10:57:42.787000),10.0,
S8_Bending_2_extracted,Event_6,android.sensor.gyroscope,android.sensor.gyroscope_Event_6.data,512,4,0,0,0,epoch milliseconds (2018-03-05 10:57:42.785000),10.0,
S8_Bending_2_extracted,Event_7,JinsAccelerometer,JinsAccelerometer_Event_7.data,99,4,0,0,0,epoch milliseconds (2018-03-05 10:57:51.633000),53.0,
S8_Bending_2_extracted,Event_7,JinsBlinkSpeed,JinsBlinkSpeed_Event_7.data,99,2,0,0,0,epoch milliseconds (2018-03-05 10:57:51.633000),53.0,
S8_Bending_2_extracted,Event_7,JinsBlinkStrength,JinsBlinkStrength_Event_7.data,99,2,0,0,0,epoch milliseconds (2018-03-05 10:57:51.633000),53.0,
S8_Bending_2_extracted,Event_7,JinsEyeMovement,JinsEyeMovement_Event_7.data,99,5,0,0,0,epoch milliseconds (2018-03-05 10:57:51.633000),53.0,
S8_Bending_2_extracted,Event_7,JinsGyroscope,JinsGyroscope_Event_7.data,99,4,0,0,0,epoch milliseconds (2018-03-05 10:57:51.633000),53.0,
S8_Bending_2_extracted,Event_7,PhoneAccelerometer,PhoneAccelerometer_Event_7.data,1006,4,0,0,0,epoch milliseconds (2018-03-05 10:57:51.596000),5.0,
S8_Bending_2_extracted,Event_7,PhoneGravity,PhoneGravity_Event_7.data,1008,4,0,0,0,epoch milliseconds (2018-03-05 10:57:51.593000),5.0,
S8_Bending_2_extracted,Event_7,PhoneGyroscope,PhoneGyroscope_Event_7.data,1010,4,0,0,0,epoch milliseconds (2018-03-05 10:57:51.593000),5.0,
S8_Bending_2_extracted,Event_7,PhoneLinearAccelerometer,PhoneLinearAccelerometer_Event_7.data,1008,4,0,0,0,epoch milliseconds (2018-03-05 10:57:51.593000),5.0,
S8_Bending_2_extracted,Event_7,PhoneMagnetometer,PhoneMagnetometer_Event_7.data,501,4,0,0,0,epoch milliseconds (2018-03-05 10:57:51.597000),10.0,
S8_Bending_2_extracted,Event_7,android.sensor.accelerometer,android.sensor.accelerometer_Event_7.data,505,4,0,0,0,epoch milliseconds (2018-03-05 10:57:51.600000),10.0,
S8_Bending_2_extracted,Event_7,android.sensor.gyroscope,android.sensor.gyroscope_Event_7.data,505,4,0,0,0,epoch milliseconds (2018-03-05 10:57:51.595000),10.0,
S8_Bending_2_extracted,Event_8,JinsAccelerometer,JinsAccelerometer_Event_8.data,101,4,0,0,0,epoch milliseconds (2018-03-05 10:57:59.905000),53.0,
S8_Bending_2_extracted,Event_8,JinsBlinkSpeed,JinsBlinkSpeed_Event_8.data,101,2,0,0,0,epoch milliseconds (2018-03-05 10:57:59.905000),53.0,
S8_Bending_2_extracted,Event_8,JinsBlinkStrength,JinsBlinkStrength_Event_8.data,101,2,0,0,0,epoch milliseconds (2018-03-05 10:57:59.905000),53.0,
S8_Bending_2_extracted,Event_8,JinsEyeMovement,JinsEyeMovement_Event_8.data,101,5,0,0,0,epoch milliseconds (2018-03-05 10:57:59.905000),53.0,
S8_Bending_2_extracted,Event_8,JinsGyroscope,JinsGyroscope_Event_8.data,101,4,0,0,0,epoch milliseconds (2018-03-05 10:57:59.905000),53.0,
S8_Bending_2_extracted,Event_8,PhoneAccelerometer,PhoneAccelerometer_Event_8.data,1006,4,0,0,0,epoch milliseconds (2018-03-05 10:57:59.908000),5.0,
S8_Bending_2_extracted,Event_8,PhoneGravity,PhoneGravity_Event_8.data,1006,4,0,0,0,epoch milliseconds (2018-03-05 10:57:59.906000),5.0,
S8_Bending_2_extracted,Event_8,PhoneGyroscope,PhoneGyroscope_Event_8.data,1005,4,0,0,0,epoch milliseconds (2018-03-05 10:57:59.909000),5.0,
S8_Bending_2_extracted,Event_8,PhoneLinearAccelerometer,PhoneLinearAccelerometer_Event_8.data,1005,4,0,0,0,epoch milliseconds (2018-03-05 10:57:59.907000),5.0,
S8_Bending_2_extracted,Event_8,PhoneMagnetometer,PhoneMagnetometer_Event_8.data,500,4,0,0,0,epoch milliseconds (2018-03-05 10:57:59.908000),10.0,
S8_Bending_2_extracted,Event_8,android.sensor.accelerometer,android.sensor.accelerometer_Event_8.data,498,4,0,0,0,epoch milliseconds (2018-03-05 10:57:59.909000),10.0,
S8_Bending_2_extracted,Event_8,android.sensor.gyroscope,android.sensor.gyroscope_Event_8.data,498,4,0,0,0,epoch milliseconds (2018-03-05 10:57:59.906000),10.0,
