subject,activity,train_or_test,activity_instance,event,window_id,label,original_folder,split
S7,Bending,train,1,Event_0,0,0,S7_Bending_1_extracted,train
S7,Bending,train,1,Event_1,0,0,S7_Bending_1_extracted,train
S7,Bending,train,1,Event_2,0,0,S7_Bending_1_extracted,train
S7,Bending,train,1,Event_3,0,0,S7_Bending_1_extracted,train
S7,Bending,train,1,Event_4,0,0,S7_Bending_1_extracted,train
S7,Bending,train,1,Event_5,0,0,S7_Bending_1_extracted,train
S7,Bending,train,1,Event_6,0,0,S7_Bending_1_extracted,train
S7,Bending,train,1,Event_7,0,0,S7_Bending_1_extracted,train
S7,Bending,train,1,Event_8,0,0,S7_Bending_1_extracted,train
S7,Bending,train,1,Event_9,0,0,S7_Bending_1_extracted,train
S7,Walking,train,1,Event_0,0,1,S7_Walking_1_extracted,train
S7,Walking,train,1,Event_1,0,1,S7_Walking_1_extracted,train
S7,Walking,train,1,Event_2,0,1,S7_Walking_1_extracted,train
S7,Walking,train,1,Event_3,0,1,S7_Walking_1_extracted,train
S7,Walking,train,1,Event_4,0,1,S7_Walking_1_extracted,train
S7,Walking,train,1,Event_5,0,1,S7_Walking_1_extracted,train
S7,Walking,train,1,Event_6,0,1,S7_Walking_1_extracted,train
S7,Walking,train,1,Event_7,0,1,S7_Walking_1_extracted,train
S7,Walking,train,1,Event_8,0,1,S7_Walking_1_extracted,train
S7,Walking,train,1,Event_9,0,1,S7_Walking_1_extracted,train
S7,Sitting,train,1,Event_2,0,2,S7_Sitting_1_extracted,train
S7,Sitting,train,1,Event_3,0,2,S7_Sitting_1_extracted,train
S7,Sitting,train,1,Event_4,0,2,S7_Sitting_1_extracted,train
S7,Sitting,train,1,Event_5,0,2,S7_Sitting_1_extracted,train
S7,Sitting,train,1,Event_6,0,2,S7_Sitting_1_extracted,train
S7,Sitting,train,1,Event_7,0,2,S7_Sitting_1_extracted,train
S7,Sitting,train,1,Event_8,0,2,S7_Sitting_1_extracted,train
S7,Sitting,train,1,Event_9,0,2,S7_Sitting_1_extracted,train
S7,Standing,train,1,Event_0,0,3,S7_Standing_1_extracted,train
S7,Standing,train,1,Event_1,0,3,S7_Standing_1_extracted,train
S7,Standing,train,1,Event_2,0,3,S7_Standing_1_extracted,train
S7,Standing,train,1,Event_3,0,3,S7_Standing_1_extracted,train
S7,Standing,train,1,Event_4,0,3,S7_Standing_1_extracted,train
S7,Standing,train,1,Event_5,0,3,S7_Standing_1_extracted,train
S7,Standing,train,1,Event_6,0,3,S7_Standing_1_extracted,train
S7,Standing,train,1,Event_7,0,3,S7_Standing_1_extracted,train
S7,Standing,train,1,Event_8,0,3,S7_Standing_1_extracted,train
S7,Standing,train,1,Event_9,0,3,S7_Standing_1_extracted,train
