subject,activity,train_folder,test_folder,status
S1,Bending,S1_Bending_1_extracted,S1_Bending_2_extracted,paired
S1,Walking,S1_Walking_1_extracted,S1_Walking_2_extracted,paired
S1,Sitting,S1_Sitting_1_extracted,S1_Sitting_2_extracted,paired
S1,Standing,S1_Standing_1_extracted,S1_Standing_2_extracted,paired
S2,Bending,S2_Bending_1_extracted,S2_Bending_2_extracted,paired
S2,Walking,S2_Walking_1_extracted,S2_Walking_2_extracted,paired
S2,Sitting,S2_Sitting_1_extracted,S2_Sitting_2_extracted,paired
S2,Standing,S2_Standing_1_extracted,S2_Standing_2_extracted,paired
S3,Bending,S3_Bending_1_extracted,S3_Bending_2_extracted,paired
S3,Walking,,,missing_both
S3,Sitting,,,missing_both
S3,Standing,S3_Standing_1_extracted,S3_Standing_2_extracted,paired
S4,Bending,S4_Bending_1_extracted,,missing_test
S4,Walking,S4_Walking_1_extracted,,missing_test
S4,Sitting,S4_Sitting_1_extracted,,missing_test
S4,Standing,S4_Standing_1_extracted,,missing_test
S5,Bending,S5_Bending_1_extracted,S5_Bending_2_extracted,paired
S5,Walking,S5_Walking_1_extracted,S5_Walking_2_extracted,paired
S5,Sitting,S5_Sitting_1_extracted,S5_Sitting_2_extracted,paired
S5,Standing,S5_Standing_1_extracted,S5_Standing_2_extracted,paired
S6,Bending,S6_Bending_1_extracted,S6_Bending_2_extracted,paired
S6,Walking,,,missing_both
S6,Sitting,S6_Sitting_1_extracted,S6_Sitting_2_extracted,paired
S6,Standing,S6_Standing_1_extracted,S6_Standing_2_extracted,paired
S7,Bending,S7_Bending_1_extracted,S7_Bending_2_extracted,paired
S7,Walking,S7_Walking_1_extracted,S7_Walking_2_extracted,paired
S7,Sitting,S7_Sitting_1_extracted,S7_Sitting_2_extracted,paired
S7,Standing,S7_Standing_1_extracted,S7_Standing_2_extracted,paired
S8,Bending,S8_Bending_1_extracted,S8_Bending_2_extracted,paired
S8,Walking,,,missing_both
S8,Sitting,,,missing_both
S8,Standing,,,missing_both
