optimizer,epoch,train_loss,validation_loss,train_accuracy,validation_accuracy,updates_this_epoch,cumulative_updates,elapsed_seconds,epoch_seconds
Full-batch GD,1,0.6100220739316473,0.6894345473603527,0.71875,0.625,1,1,0.006589500000700355,0.006587500043679029
Full-batch GD,2,0.31885677748380786,0.5152836606320957,0.9375,0.75,1,2,0.011867799970787019,0.005275200004689395
Full-batch GD,3,0.2351757951267101,0.45388126808994983,1.0,0.75,1,3,0.017375800001900643,0.005505400011315942
Full-batch GD,4,0.18984237642826646,0.40788644021021,1.0,0.875,1,4,0.021510799997486174,0.0041325000347569585
Full-batch GD,5,0.16086283055392256,0.3753818866920381,1.0,0.875,1,5,0.02573120000306517,0.004217900044750422
Full-batch GD,6,0.14005133233182418,0.3534864921278048,1.0,0.875,1,6,0.03209399996558204,0.006360900006256998
Full-batch GD,7,0.1233623212510832,0.33579144185933285,1.0,0.875,1,7,0.03675009997095913,0.004653799987863749
Full-batch GD,8,0.10849667655096164,0.32000572265223914,1.0,0.875,1,8,0.04140679998090491,0.004652999981772155
Full-batch GD,9,0.09436142751979813,0.3057100319964075,1.0,0.875,1,9,0.04654199996730313,0.005132799968123436
Full-batch GD,10,0.08363397677904572,0.29414142291028555,1.0,0.875,1,10,0.05122829996980727,0.004684199986513704
Full-batch GD,11,0.07501888400442519,0.28312238761656405,1.0,0.875,1,11,0.05507999996189028,0.0038496999768540263
Full-batch GD,12,0.06827172851483149,0.2742177901978699,1.0,0.875,1,12,0.059116699965670705,0.0040345999877899885
Full-batch GD,13,0.06206145133769274,0.26621630457945733,1.0,0.875,1,13,0.06571379996603355,0.006595499988179654
Full-batch GD,14,0.05700010223933545,0.2592670687553026,1.0,0.875,1,14,0.07049349998123944,0.0047765999916009605
Full-batch GD,15,0.0528258315483012,0.2531984778779493,1.0,0.875,1,15,0.0743077999795787,0.0038118999800644815
Full-batch GD,16,0.0492755693022203,0.24830181948319469,1.0,0.875,1,16,0.0794268999597989,0.0051172999665141106
Full-batch GD,17,0.04624527442051334,0.24353621890608687,1.0,0.875,1,17,0.08361349999904633,0.004183600016403943
Full-batch GD,18,0.04351485382680213,0.23946966976298378,1.0,0.875,1,18,0.08819789998233318,0.00457960000494495
Full-batch GD,19,0.04111204194445406,0.23623130062948006,1.0,0.875,1,19,0.09268790000351146,0.004488100006710738
Full-batch GD,20,0.038896492026433416,0.23273576026783083,1.0,0.875,1,20,0.09799429995473474,0.0053044999949634075
Full-batch GD,21,0.036931758818730995,0.22988801850277035,1.0,0.875,1,21,0.103318199981004,0.00532200001180172
Full-batch GD,22,0.03517180391663689,0.2274853636609825,1.0,0.875,1,22,0.10761909995926544,0.004296900006011128
Full-batch GD,23,0.03354822049988761,0.2248501709250751,1.0,0.875,1,23,0.11318479996407405,0.005562399979680777
Full-batch GD,24,0.03204672119799791,0.22215744134722804,1.0,0.875,1,24,0.11796449997927994,0.0047784000053070486
Full-batch GD,25,0.030685504343674667,0.21967308543597452,1.0,0.875,1,25,0.12183689995435998,0.0038692999514751136
Full-batch GD,26,0.029448712016953604,0.2180994367118932,1.0,0.875,1,26,0.12614339997526258,0.004304700007196516
Full-batch GD,27,0.028236748990615956,0.2158954595916473,1.0,0.875,1,27,0.13175389997195452,0.005607000028248876
Full-batch GD,28,0.027066695778270915,0.2141392603632555,1.0,0.875,1,28,0.13698759995168075,0.005230299953836948
Full-batch GD,29,0.025938062894674357,0.21295876926961446,1.0,0.875,1,29,0.1415061999578029,0.004516699991654605
Full-batch GD,30,0.02486985532523931,0.21147201717557246,1.0,0.875,1,30,0.1469033999601379,0.0053952999878674746
Full-batch GD,31,0.023876796565349623,0.21005394423998097,1.0,0.875,1,31,0.15167980000842363,0.004772999964188784
Full-batch GD,32,0.02298110463028115,0.20871354132818515,1.0,0.875,1,32,0.15595759998541325,0.004274700011592358
Full-batch GD,33,0.022145083345385178,0.2079865573774842,1.0,0.875,1,33,0.1604014000040479,0.004442299949005246
Full-batch GD,34,0.021370212123402052,0.2068579402264849,1.0,0.875,1,34,0.16550329996971413,0.005096999986562878
Full-batch GD,35,0.02063313245588496,0.20576031582209328,1.0,0.875,1,35,0.1699077999801375,0.004402599995955825
Full-batch GD,36,0.01995488879104663,0.20489733709560712,1.0,0.875,1,36,0.17371549998642877,0.003806099994108081
Full-batch GD,37,0.019318849468294323,0.20380512459087818,1.0,0.875,1,37,0.17797709995647892,0.004260899964720011
Full-batch GD,38,0.018716724329780107,0.2028167166955991,1.0,0.875,1,38,0.18240950000472367,0.0044287999626249075
Full-batch GD,39,0.018152840209061306,0.20175937532304844,1.0,0.875,1,39,0.186748499982059,0.004336800018791109
Full-batch GD,40,0.017627229860709352,0.2011521210618133,1.0,0.875,1,40,0.19020429998636246,0.0034542999928817153
Full-batch GD,41,0.017120160103917724,0.20011043512732718,1.0,0.875,1,41,0.19565339997643605,0.00544640002772212
Full-batch GD,42,0.016645713107891584,0.1990640474278247,1.0,0.875,1,42,0.20183539995923638,0.0061781000113114715
Full-batch GD,43,0.01619954767080025,0.19813236440449974,1.0,1.0,1,43,0.2064511000062339,0.00461369997356087
Full-batch GD,44,0.01577943842981225,0.19743103304840176,1.0,1.0,1,44,0.2126560999895446,0.006200100004207343
Full-batch GD,45,0.015373883773737496,0.1966897866994907,1.0,1.0,1,45,0.2190730999573134,0.006414000003132969
Full-batch GD,46,0.014985756195208507,0.19589462497313245,1.0,1.0,1,46,0.2246018999721855,0.005525199987459928
Full-batch GD,47,0.014621569364598786,0.19540250960941075,1.0,1.0,1,47,0.2322773999767378,0.007673499989323318
Full-batch GD,48,0.014265772734680882,0.1946370522922771,1.0,1.0,1,48,0.23806409997632727,0.005783399974461645
Full-batch GD,49,0.013931149955240647,0.19390267388013588,1.0,1.0,1,49,0.24336609995225444,0.005298799951560795
Full-batch GD,50,0.013618799826004275,0.19317521493249498,1.0,1.0,1,50,0.24796109995804727,0.004592099983710796
Full-batch GD,51,0.013311030052363573,0.1926940005138508,1.0,1.0,1,51,0.2526802999782376,0.00471750000724569
Full-batch GD,52,0.013018371310961493,0.1919909250881859,1.0,1.0,1,52,0.2585829999879934,0.005897700029890984
Full-batch GD,53,0.012739595744094652,0.19125705255688502,1.0,1.0,1,53,0.26605179999023676,0.007466100039891899
Full-batch GD,54,0.012472628729019993,0.19078989822938464,1.0,1.0,1,54,0.27471989998593926,0.008662400010507554
Full-batch GD,55,0.0122164914337126,0.19016008243804747,1.0,1.0,1,55,0.2817139999824576,0.006991200032643974
Full-batch GD,56,0.011966911504247522,0.18949930120283376,1.0,1.0,1,56,0.28811029996722937,0.006394100026227534
Full-batch GD,57,0.011728182231961912,0.18889453038989812,1.0,1.0,1,57,0.29281709995120764,0.004703699960373342
Full-batch GD,58,0.011498852332496545,0.18839599871029328,1.0,1.0,1,58,0.30317119997926056,0.010349399992264807
Full-batch GD,59,0.011275343102011517,0.18775734439725247,1.0,1.0,1,59,0.30904580000787973,0.005871000001206994
Full-batch GD,60,0.011063087847444015,0.18721830663591088,1.0,1.0,1,60,0.3146992999827489,0.005650400009471923
Full-batch GD,61,0.010859375505948031,0.18661121864548996,1.0,1.0,1,61,0.3216734000016004,0.006971099996007979
Full-batch GD,62,0.010659239063316037,0.18614802710264688,1.0,1.0,1,62,0.32768839999334887,0.006013200036250055
Full-batch GD,63,0.010465617363689924,0.18552967308930696,1.0,1.0,1,63,0.3335957999806851,0.00590430002193898
Full-batch GD,64,0.010279408276642987,0.18498064345157972,1.0,1.0,1,64,0.3456884999759495,0.012091599986888468
Full-batch GD,65,0.010101696655512181,0.18461410397532851,1.0,1.0,1,65,0.3541086000041105,0.008415699994657189
Full-batch GD,66,0.009927566734877324,0.18407522143160343,1.0,1.0,1,66,0.35883519996423274,0.0047212999779731035
Full-batch GD,67,0.009757792380514222,0.18352986689647066,1.0,1.0,1,67,0.3678220000001602,0.008983900013845414
Full-batch GD,68,0.009596666300813999,0.1831346246069493,1.0,1.0,1,68,0.3720084999804385,0.004183800017926842
Full-batch GD,69,0.009436507425169554,0.18263189348598965,1.0,1.0,1,69,0.3756166999810375,0.0036053999792784452
Full-batch GD,70,0.00927992430147879,0.18213118149135693,1.0,1.0,1,70,0.3822970999754034,0.006678699981421232
Full-batch GD,71,0.009134262436212261,0.18162837358797754,1.0,1.0,1,71,0.3866616999730468,0.004362599982414395
Full-batch GD,72,0.008989315779722357,0.18133948053083168,1.0,1.0,1,72,0.3907484000083059,0.004084599961061031
Full-batch GD,73,0.008846351551925324,0.1807806870968058,1.0,1.0,1,73,0.3981958999647759,0.007445600000210106
Full-batch GD,74,0.008706038870924419,0.18024042645892194,1.0,1.0,1,74,0.4022688999539241,0.004070499970111996
Full-batch GD,75,0.008567875574462244,0.17999133462384379,1.0,1.0,1,75,0.40818399999989197,0.005912600026931614
Full-batch GD,76,0.008434074694315338,0.17954688108590713,1.0,1.0,1,76,0.41790419997414574,0.0097179000149481
Full-batch GD,77,0.00830275597094512,0.1791265497849499,1.0,1.0,1,77,0.4227495999657549,0.004840700014028698
Full-batch GD,78,0.008173064687014564,0.17870255360791465,1.0,1.0,1,78,0.4277270999737084,0.0049703000113368034
Full-batch GD,79,0.008046432795116158,0.1783920074847261,1.0,1.0,1,79,0.4337102999561466,0.005977499997243285
Full-batch GD,80,0.007923663233407631,0.1779125768833732,1.0,1.0,1,80,0.4388985999976285,0.0051859000232070684
Full-batch GD,81,0.007804899586705599,0.17751836126553644,1.0,1.0,1,81,0.4470037999562919,0.00810300000011921
Full-batch GD,82,0.00769123351378157,0.17730287760334754,1.0,1.0,1,82,0.4525557999731973,0.005548299988731742
Full-batch GD,83,0.007578677728427391,0.17692862589715494,1.0,1.0,1,83,0.4569317999994382,0.00437370000872761
Full-batch GD,84,0.007467194470185094,0.1765228867517903,1.0,1.0,1,84,0.46328149997862056,0.006374799995683134
Full-batch GD,85,0.0073627765947720065,0.17625466078852753,1.0,1.0,1,85,0.4686327999806963,0.005246500018984079
Full-batch GD,86,0.0072592538101685835,0.17578545860435815,1.0,1.0,1,86,0.47260699997423217,0.00397080002585426
Full-batch GD,87,0.0071565320590405365,0.17548030802476602,1.0,1.0,1,87,0.4766304999939166,0.0040213000029325485
Full-batch GD,88,0.007059557401888253,0.1751246820805598,1.0,1.0,1,88,0.48193119995994493,0.005297499999869615
Full-batch GD,89,0.006962565315103867,0.17497453783887143,1.0,1.0,1,89,0.485923099971842,0.003989299992099404
Full-batch GD,90,0.006868445703035405,0.1746677748104861,1.0,1.0,1,90,0.48970719997305423,0.0037826999905519187
Full-batch GD,91,0.006777214780358238,0.17433097014841464,1.0,1.0,1,91,0.49397299997508526,0.004263599985279143
Full-batch GD,92,0.006688257610445097,0.17416893235143935,1.0,1.0,1,92,0.4988113999716006,0.00483589997747913
Full-batch GD,93,0.0066014106855922065,0.17383232145276015,1.0,1.0,1,93,0.5026460999506526,0.0038322999607771635
Full-batch GD,94,0.006516334634275657,0.173520551524508,1.0,1.0,1,94,0.5063455000054091,0.00369349995162338
Full-batch GD,95,0.00643423879641839,0.17321029592492945,1.0,1.0,1,95,0.5119356999639422,0.0055893000098876655
Full-batch GD,96,0.006353183123951441,0.1730193790018193,1.0,1.0,1,96,0.51623979996657,0.004299699969124049
Full-batch GD,97,0.006273774812491358,0.17271237895389027,1.0,1.0,1,97,0.5201583000016399,0.003916700021363795
Full-batch GD,98,0.006196430635060292,0.1724822804292281,1.0,1.0,1,98,0.5237075999611989,0.0035475000040605664
Full-batch GD,99,0.006122461541880882,0.17229912280231624,1.0,1.0,1,99,0.5328737999661826,0.009165399998892099
Full-batch GD,100,0.006048922547407295,0.17202806738857035,1.0,1.0,1,100,0.5386184999952093,0.00574120000237599
Mini-batch GD,1,0.2418377019529285,0.3511039308275699,0.875,0.875,4,4,0.011157400032971054,0.011153200000990182
Mini-batch GD,2,0.07001514032113482,0.30544511789137907,1.0,0.875,4,8,0.01947150001069531,0.008311700017657131
Mini-batch GD,3,0.043504816579467476,0.2970359184211255,1.0,0.875,4,12,0.027340500033460557,0.007866500003729016
Mini-batch GD,4,0.03206327139576994,0.28962382432201594,1.0,0.875,4,16,0.035584500001277775,0.00824070000089705
Mini-batch GD,5,0.025149247710814372,0.2860601976125914,1.0,0.75,4,20,0.04535349999787286,0.00976669997908175
Mini-batch GD,6,0.020659151242175197,0.2818348754108485,1.0,0.75,4,24,0.05328930000541732,0.007934900000691414
Mini-batch GD,7,0.017569995195049815,0.2786737408671113,1.0,0.75,4,28,0.06315920001361519,0.009865600033663213
Mini-batch GD,8,0.015300165081891852,0.2759884351935498,1.0,0.75,4,32,0.07370539999101311,0.010543300013523549
Mini-batch GD,9,0.013589150635573179,0.27395021793673296,1.0,0.75,4,36,0.0810590999899432,0.007350599975325167
Mini-batch GD,10,0.012214761397751024,0.2720085215916506,1.0,0.75,4,40,0.09243740001693368,0.011375200003385544
Mini-batch GD,11,0.011102472222399441,0.27052487282699944,1.0,0.75,4,44,0.09976830001687631,0.007329100044444203
Mini-batch GD,12,0.01017146370310017,0.268973207373466,1.0,0.75,4,48,0.11026669997954741,0.010497000010218471
Mini-batch GD,13,0.009359290927912468,0.26730849640725174,1.0,0.75,4,52,0.1166178000275977,0.006348600029014051
Mini-batch GD,14,0.008646368793312475,0.26596534344656747,1.0,0.75,4,56,0.1264946000301279,0.009874999988824129
Mini-batch GD,15,0.008031655862799388,0.26459385081545367,1.0,0.75,4,60,0.13299680000636727,0.006500400020740926
Mini-batch GD,16,0.007495455691608834,0.26336282108209425,1.0,0.75,4,64,0.144547900010366,0.011548599984962493
Mini-batch GD,17,0.007029210181633877,0.2622424716254376,1.0,0.75,4,68,0.15195630001835525,0.007406100048683584
Mini-batch GD,18,0.006615376687021718,0.26126597155539183,1.0,0.75,4,72,0.16329050000058487,0.011327999993227422
Mini-batch GD,19,0.00624634498653874,0.26030014561537035,1.0,0.75,4,76,0.17650940001476556,0.013217100000474602
Mini-batch GD,20,0.005917519007243972,0.2594126352218823,1.0,0.75,4,80,0.18381289998069406,0.007301800011191517
Mini-batch GD,21,0.00562000164057971,0.2585795595948215,1.0,0.75,4,84,0.1932669000234455,0.009450600016862154
Mini-batch GD,22,0.005349824417666353,0.2577485133184347,1.0,0.75,4,88,0.2007304999860935,0.007417499960865825
Mini-batch GD,23,0.005104640914114231,0.2569848016953026,1.0,0.75,4,92,0.21208909997949377,0.011354099959135056
Mini-batch GD,24,0.004879857317436647,0.2562545804183411,1.0,0.75,4,96,0.22156929998891428,0.009478399995714426
Mini-batch GD,25,0.004673828091149619,0.25554409582607795,1.0,0.75,4,100,0.22859010001411662,0.007018800009973347
Mini-batch GD,26,0.004484907085545979,0.25490482948828164,1.0,0.75,4,104,0.23879289999604225,0.01020090002566576
Mini-batch GD,27,0.004310932460497539,0.25428127081529,1.0,0.75,4,108,0.24582379998173565,0.007027899962849915
Mini-batch GD,28,0.004149728517554444,0.2536476755139677,1.0,0.75,4,112,0.25303860002895817,0.007214099983684719
Mini-batch GD,29,0.003998012730741917,0.25307901136277683,1.0,0.75,4,116,0.261004000029061,0.007959700014907867
Mini-batch GD,30,0.0038564338257395135,0.2525320476974853,1.0,0.75,4,120,0.26722400001017377,0.006219000031705946
Mini-batch GD,31,0.0037241538211233017,0.2520013939451557,1.0,0.75,4,124,0.2764774999814108,0.009249900002032518
Mini-batch GD,32,0.003601259028651639,0.251527209103337,1.0,0.75,4,128,0.2832213999936357,0.006742500001564622
Mini-batch GD,33,0.0034854816475800845,0.25103545926152054,1.0,0.75,4,132,0.2947456000256352,0.011521799955517054
Mini-batch GD,34,0.0033768801517256282,0.25071687689767275,1.0,0.75,4,136,0.3015321000129916,0.006783900025766343
Mini-batch GD,35,0.003275115798379172,0.2502688931314321,1.0,0.75,4,140,0.3106258999905549,0.00909110001521185
Mini-batch GD,36,0.003178730966322218,0.24989936819872818,1.0,0.75,4,144,0.3176304000080563,0.0070035000098869205
Mini-batch GD,37,0.00308842751497546,0.24926370721130606,1.0,0.75,4,148,0.3268363000242971,0.009202900051604956
Mini-batch GD,38,0.003002631376975389,0.2485447906757771,1.0,0.75,4,152,0.33418250002432615,0.007344300043769181
Mini-batch GD,39,0.0029208973092804875,0.2479636850362522,1.0,0.75,4,156,0.3448713999823667,0.010686099994927645
Mini-batch GD,40,0.002843827912118367,0.24740272139898328,1.0,0.75,4,160,0.3533348999917507,0.008459299977403134
Mini-batch GD,41,0.002770404906393997,0.24672771422298856,1.0,0.75,4,164,0.36235509999096394,0.00901859998703003
Mini-batch GD,42,0.002700530125221953,0.24618380558313707,1.0,0.75,4,168,0.37200939998729154,0.009650899970438331
Mini-batch GD,43,0.002634380439989218,0.24567319024485063,1.0,0.75,4,172,0.38028600002871826,0.00827459996799007
Mini-batch GD,44,0.0025709085216161272,0.2450525254443731,1.0,0.75,4,176,0.3913916000165045,0.011103900033049285
Mini-batch GD,45,0.0025076696418758573,0.24455903116323635,1.0,0.75,4,180,0.398381499981042,0.006987900007516146
Mini-batch GD,46,0.002447788731568148,0.24408928849083697,1.0,0.75,4,184,0.4088421000051312,0.01045870000962168
Mini-batch GD,47,0.0023904438933875583,0.24361738932784738,1.0,0.75,4,188,0.4161449000239372,0.007300600002054125
Mini-batch GD,48,0.002335611043132837,0.24306362958038985,1.0,0.75,4,192,0.4259662000113167,0.00982010003644973
Mini-batch GD,49,0.0022832014103226876,0.2426255404429628,1.0,0.75,4,196,0.4321015999885276,0.006132500013336539
Mini-batch GD,50,0.002232966955049204,0.2421848422280666,1.0,0.75,4,200,0.44189870002446696,0.009795800026040524
Mini-batch GD,51,0.0021853298100845157,0.24166471814843818,1.0,0.75,4,204,0.44827779999468476,0.006377000012435019
Mini-batch GD,52,0.0021394342722769345,0.24125315129848188,1.0,0.75,4,208,0.4577638999908231,0.009484999987762421
Mini-batch GD,53,0.0020951505469989228,0.24083412376576555,1.0,0.75,4,212,0.46484610001789406,0.007080200011841953
Mini-batch GD,54,0.0020528408935070234,0.24043989064154103,1.0,0.75,4,216,0.4759679000126198,0.01111940003465861
Mini-batch GD,55,0.0020120375078047487,0.23993877552764425,1.0,0.75,4,220,0.4827483000117354,0.006778599985409528
Mini-batch GD,56,0.0019728395034131407,0.23954355059922472,1.0,0.75,4,224,0.49215710000135005,0.009407499979715794
Mini-batch GD,57,0.001935403549981782,0.2391682001316316,1.0,0.75,4,228,0.49903000000631437,0.006870799988973886
Mini-batch GD,58,0.0018989818264009107,0.2388040281403662,1.0,0.75,4,232,0.5091783999814652,0.010146499960683286
Mini-batch GD,59,0.0018640427566375527,0.23843803698591956,1.0,0.75,4,236,0.5154075000318699,0.006227299978490919
Mini-batch GD,60,0.0018301452307282323,0.2379966028157858,1.0,0.75,4,240,0.5244258000166155,0.00901710003381595
Mini-batch GD,61,0.001797404778209698,0.2376323598185354,1.0,0.75,4,244,0.5318081000004895,0.007380200026091188
Mini-batch GD,62,0.0017662232140222213,0.23730458841508892,1.0,0.75,4,248,0.5410517000127584,0.009242400003131479
Mini-batch GD,63,0.0017356552523369977,0.23696052037361257,1.0,0.75,4,252,0.5482265999889933,0.007172300014644861
Mini-batch GD,64,0.001706157540781448,0.23655333540995246,1.0,0.75,4,256,0.5581761000212282,0.009948500024620444
Mini-batch GD,65,0.001677683738747291,0.23622995953743203,1.0,0.75,4,260,0.5648235999979079,0.006644600012805313
Mini-batch GD,66,0.0016500108122305917,0.23590611752968443,1.0,0.75,4,264,0.5749195999815129,0.010091000003740191
Mini-batch GD,67,0.0016234439213980492,0.23552106631205189,1.0,0.75,4,268,0.5820737000321969,0.00715009996201843
Mini-batch GD,68,0.0015976907995330226,0.23522146199426944,1.0,0.75,4,272,0.5926739000133239,0.010598700027912855
Mini-batch GD,69,0.0015725608612122475,0.23491984193829588,1.0,0.75,4,276,0.5994125999859534,0.006737200019415468
Mini-batch GD,70,0.0015482997766935523,0.2346446538632288,1.0,0.75,4,280,0.6098117000074126,0.010395599994808435
Mini-batch GD,71,0.001524586868676641,0.23428865490316333,1.0,0.75,4,284,0.6162311999942176,0.006416999967768788
Mini-batch GD,72,0.0015016898165291135,0.23400394212316514,1.0,0.75,4,288,0.6251986999996006,0.008966399997007102
Mini-batch GD,73,0.0014795922673663821,0.23372852866279617,1.0,0.75,4,292,0.6316859999787994,0.006484099954832345
Mini-batch GD,74,0.001458028190983252,0.23339019822090845,1.0,0.75,4,296,0.6408300999901257,0.009142399998381734
Mini-batch GD,75,0.0014371104949671854,0.23311957338259962,1.0,0.75,4,300,0.6483893999829888,0.007557799981441349
Mini-batch GD,76,0.001416659594947297,0.2328595352827787,1.0,0.75,4,304,0.659347600012552,0.010956100013572723
Mini-batch GD,77,0.0013967827761132315,0.23259619465159528,1.0,0.75,4,308,0.6663806000142358,0.007031199987977743
Mini-batch GD,78,0.0013775093133460339,0.23235747126822842,1.0,0.75,4,312,0.6759998999768868,0.009615199989639223
Mini-batch GD,79,0.0013587753904278253,0.23204509057297223,1.0,0.75,4,316,0.6838418000261299,0.007841199985705316
Mini-batch GD,80,0.0013404656139083646,0.2317837969502672,1.0,0.75,4,320,0.6946143999812193,0.010768899985123426
Mini-batch GD,81,0.0013226010912509483,0.23155025069697144,1.0,0.75,4,324,0.7027118999976665,0.008096500008832663
Mini-batch GD,82,0.0013051533305620823,0.2312528555378093,1.0,0.75,4,328,0.7122137999976985,0.00949860003311187
Mini-batch GD,83,0.0012882566180367886,0.23101582504420964,1.0,0.75,4,332,0.722248199977912,0.010031099955085665
Mini-batch GD,84,0.0012716854970376277,0.2307857893617768,1.0,0.75,4,336,0.7308769000228494,0.00862590002361685
Mini-batch GD,85,0.0012556825277169577,0.23049284490976238,1.0,0.75,4,340,0.7409836000297219,0.010103399981744587
Mini-batch GD,86,0.0012399728458215055,0.23027667768399251,1.0,0.75,4,344,0.7488395000109449,0.007853700022678822
Mini-batch GD,87,0.0012246370930234318,0.23005600095415474,1.0,0.75,4,348,0.7588604000047781,0.01001720002386719
Mini-batch GD,88,0.0012097912969484795,0.22981517423356693,1.0,0.75,4,352,0.7661184000317007,0.007255599950440228
Mini-batch GD,89,0.001195255402570923,0.22958467619590706,1.0,0.75,4,356,0.775086099980399,0.008965899993199855
Mini-batch GD,90,0.0011811345787353222,0.2293011142439018,1.0,0.75,4,360,0.7821533000096679,0.007064100005663931
Mini-batch GD,91,0.0011673344636517866,0.22907199845564882,1.0,0.75,4,364,0.7927226999890991,0.010567799967247993
Mini-batch GD,92,0.0011537931626745628,0.228856097716711,1.0,0.75,4,368,0.8000043000211008,0.007279000012204051
Mini-batch GD,93,0.00114052915080413,0.22859016403413732,1.0,0.875,4,372,0.8101906999945641,0.010184800019487739
Mini-batch GD,94,0.0011275449848908523,0.22839380162503722,1.0,0.875,4,376,0.8165907000075094,0.006394500029273331
Mini-batch GD,95,0.0011148315748669268,0.22813317526549662,1.0,0.875,4,380,0.8269218999776058,0.01032959995791316
Mini-batch GD,96,0.0011024802491293468,0.22791985031528833,1.0,0.875,4,384,0.8352028999943286,0.008279500005301088
Mini-batch GD,97,0.001090426151352195,0.22770793877258197,1.0,0.875,4,388,0.8547068000189029,0.019499799993354827
Mini-batch GD,98,0.0010784618862195725,0.22753571680343618,1.0,0.875,4,392,0.8645790999871679,0.009869300003629178
Mini-batch GD,99,0.0010668344761488682,0.22732851620946445,1.0,0.875,4,396,0.8737670999835245,0.009184699971228838
Mini-batch GD,100,0.0010554444176579148,0.22709732258077392,1.0,0.875,4,400,0.8812645000289194,0.007495799975004047
Stochastic GD,1,0.40902157095153524,0.003744629615784261,0.96875,1.0,32,32,0.05034080002224073,0.05033920001005754
Stochastic GD,2,0.0020476625183256996,0.012523146785822512,1.0,1.0,32,64,0.10751660005189478,0.05717230000300333
Stochastic GD,3,0.001243621399203902,0.01577164488880545,1.0,1.0,32,96,0.16872620000503957,0.06120669998927042
Stochastic GD,4,0.0009171115543586839,0.01824268288454207,1.0,1.0,32,128,0.21922440000344068,0.05049619998317212
Stochastic GD,5,0.0007321434290778613,0.020313112236467656,1.0,1.0,32,160,0.2577375000109896,0.03851159999612719
Stochastic GD,6,0.0006182672768228947,0.02204773521146182,1.0,1.0,32,192,0.30220370000461116,0.04446329997153953
Stochastic GD,7,0.0005358785723110605,0.023620261867733684,1.0,1.0,32,224,0.3487368000205606,0.04653250001138076
Stochastic GD,8,0.0004732920560190305,0.025070451228541638,1.0,1.0,32,256,0.3958977000438608,0.04715640004724264
Stochastic GD,9,0.0004240365524781535,0.026414276958491623,1.0,1.0,32,288,0.4445928000495769,0.04869270004564896
Stochastic GD,10,0.00038422050088461905,0.027658253210481883,1.0,1.0,32,320,0.4945284000132233,0.04993300000205636
Stochastic GD,11,0.00035135006362571895,0.028823852907758574,1.0,1.0,32,352,0.541645800054539,0.04711339995265007
Stochastic GD,12,0.00032374156745723745,0.02991910643448014,1.0,1.0,32,384,0.5854699000483379,0.04382259998237714
Stochastic GD,13,0.00030020418401303483,0.030963996931639284,1.0,1.0,32,416,0.6254088000277989,0.03993640001863241
Stochastic GD,14,0.00027995095385387956,0.03194951231757427,1.0,1.0,32,448,0.6852793000289239,0.059868099982850254
Stochastic GD,15,0.00026258677560349125,0.032883865743569524,1.0,1.0,32,480,0.7524344000266865,0.06715239997720346
Stochastic GD,16,0.000247560997722241,0.03372576556905431,1.0,1.0,32,512,0.8179963000002317,0.06555959995603189
Stochastic GD,17,0.0002341948277371269,0.03453149458854962,1.0,1.0,32,544,0.8690210000495426,0.05102079996140674
Stochastic GD,18,0.00022232351291450028,0.035299453859504414,1.0,1.0,32,576,0.9145830000052229,0.0455593999940902
Stochastic GD,19,0.00021165678349406808,0.03603952145514769,1.0,1.0,32,608,0.95948680001311,0.044900899985805154
Stochastic GD,20,0.00020202214575682328,0.03674696787056773,1.0,1.0,32,640,1.0028680000104941,0.04337879997910932
Stochastic GD,21,0.00019326246862089614,0.03742267825104691,1.0,1.0,32,672,1.044739600038156,0.04187000001547858
Stochastic GD,22,0.00018527636542485287,0.03806682841622897,1.0,1.0,32,704,1.0878333000000566,0.04308959998888895
Stochastic GD,23,0.00017795279077645952,0.03868623765921709,1.0,1.0,32,736,1.137269600003492,0.04943329998059198
Stochastic GD,24,0.00017120837843213912,0.039286518401130746,1.0,1.0,32,768,1.1845073000295088,0.04723610001383349
Stochastic GD,25,0.00016498747107251006,0.03986212802187889,1.0,1.0,32,800,1.2339229000499472,0.04941399995004758
Stochastic GD,26,0.00015922232609915125,0.04042073808055412,1.0,1.0,32,832,1.2850977000198327,0.05117039999458939
Stochastic GD,27,0.00015387988601663237,0.04095479912725772,1.0,1.0,32,864,1.3220988000393845,0.03699890000279993
Stochastic GD,28,0.00014890467055602512,0.04146956491687613,1.0,1.0,32,896,1.3647111000027508,0.042610100004822016
Stochastic GD,29,0.00014426039083499073,0.04197001399058386,1.0,1.0,32,928,1.409001200052444,0.04428679996635765
Stochastic GD,30,0.0001399220471863712,0.042448052794555255,1.0,1.0,32,960,1.4605571000138298,0.051554000005126
Stochastic GD,31,0.00013584377520608478,0.042917461992695645,1.0,1.0,32,992,1.5161849000141956,0.05562519998056814
Stochastic GD,32,0.000132008689806472,0.04337313115603823,1.0,1.0,32,1024,1.5689774000202306,0.05278979998547584
Stochastic GD,33,0.00012840258354599593,0.043812138283967024,1.0,1.0,32,1056,1.6115343000274152,0.042555299995001405
Stochastic GD,34,0.00012504482010381303,0.044235060818537106,1.0,1.0,32,1088,1.6559893000521697,0.04445159999886528
Stochastic GD,35,0.00012186610417437338,0.04464633899758224,1.0,1.0,32,1120,1.69677270000102,0.04078159999335185
Stochastic GD,36,0.00011886057456232896,0.045040971075511166,1.0,1.0,32,1152,1.7401242000050843,0.04334869998274371
Stochastic GD,37,0.00011600680544582772,0.04542570547866694,1.0,1.0,32,1184,1.7870933000231162,0.04696710000280291
Stochastic GD,38,0.00011329293908528306,0.04580062549800706,1.0,1.0,32,1216,1.8370283000404015,0.04993300000205636
Stochastic GD,39,0.00011070893693043678,0.04616473350042245,1.0,1.0,32,1248,1.889084400027059,0.05205450003268197
Stochastic GD,40,0.00010825015287982523,0.04651558573531852,1.0,1.0,32,1280,1.9409848000505008,0.05189800000516698
Stochastic GD,41,0.00010590264077819074,0.046857189515804414,1.0,1.0,32,1312,1.9866175000206567,0.04563060001237318
Stochastic GD,42,0.000103659564940879,0.0471888591308553,1.0,1.0,32,1344,2.024784000008367,0.038163699966389686
Stochastic GD,43,0.00010151568299767509,0.047508243618198095,1.0,1.0,32,1376,2.066407000005711,0.04162089998135343
Stochastic GD,44,9.946275856389e-05,0.047819188308450354,1.0,1.0,32,1408,2.104781700007152,0.038372999988496304
Stochastic GD,45,9.749107600420305e-05,0.048126833858137895,1.0,1.0,32,1440,2.1488056000089273,0.044022199988830835
Stochastic GD,46,9.560071542131077e-05,0.04842329388780335,1.0,1.0,32,1472,2.191671300039161,0.042862300004344434
Stochastic GD,47,9.378431127757252e-05,0.0487134853339031,1.0,1.0,32,1504,2.24124760000268,0.04957470000954345
Stochastic GD,48,9.203793007331855e-05,0.04899607309175824,1.0,1.0,32,1536,2.288981400022749,0.04773170000407845
Stochastic GD,49,9.035558099275832e-05,0.0492748678730666,1.0,1.0,32,1568,2.341016300022602,0.05203189997700974
Stochastic GD,50,8.873688857555854e-05,0.049544442540848256,1.0,1.0,32,1600,2.3873849000083283,0.04636669997125864
Stochastic GD,51,8.717703551813042e-05,0.04981026260323092,1.0,1.0,32,1632,2.42519270000048,0.03780639998149127
Stochastic GD,52,8.568566718533664e-05,0.050094634322334165,1.0,1.0,32,1664,2.4690898000262678,0.04389530001208186
Stochastic GD,53,8.423127201101724e-05,0.050348313107248466,1.0,1.0,32,1696,2.511766000010539,0.04267429996980354
Stochastic GD,54,8.284239193160248e-05,0.050616729461834355,1.0,1.0,32,1728,2.558633300010115,0.04686279996531084
Stochastic GD,55,8.148501556955717e-05,0.050855986741422415,1.0,1.0,32,1760,2.6069761000107974,0.04834039998240769
Stochastic GD,56,8.017696175674182e-05,0.051089723288563885,1.0,1.0,32,1792,2.6551895000156946,0.04821159999119118
Stochastic GD,57,7.891312516344478e-05,0.05134528563767394,1.0,1.0,32,1824,2.6968301000306383,0.04163870000047609
Stochastic GD,58,7.768159293578998e-05,0.05157241660086324,1.0,1.0,32,1856,2.749349700054154,0.052516399999149144
Stochastic GD,59,7.649944387944671e-05,0.05181956452676823,1.0,1.0,32,1888,2.8002359000383876,0.050883600022643805
Stochastic GD,60,7.534159281164573e-05,0.05203606481552147,1.0,1.0,32,1920,2.847959900042042,0.04772270005196333
Stochastic GD,61,7.423002012258002e-05,0.05227345512193177,1.0,1.0,32,1952,2.899897499999497,0.05193339998368174
Stochastic GD,62,7.313898513870946e-05,0.05248509175318611,1.0,1.0,32,1984,2.953126600012183,0.053225899988319725
Stochastic GD,63,7.208553618872658e-05,0.05268767109999908,1.0,1.0,32,2016,3.019746500009205,0.06661669997265562
Stochastic GD,64,7.106228277327661e-05,0.052913405861312685,1.0,1.0,32,2048,3.069500900048297,0.04975270002614707
Stochastic GD,65,7.006424825164256e-05,0.05310923786273007,1.0,1.0,32,2080,3.109754800039809,0.04025180003372952
Stochastic GD,66,6.910270562738578e-05,0.053301182684735944,1.0,1.0,32,2112,3.1527079000370577,0.0429469000082463
Stochastic GD,67,6.815361588659188e-05,0.05351388456291595,1.0,1.0,32,2144,3.192869700025767,0.040159500029403716
Stochastic GD,68,6.72428134870314e-05,0.05372120983952014,1.0,1.0,32,2176,3.238290000008419,0.04541670001344755
Stochastic GD,69,6.63457153803848e-05,0.05390498380487586,1.0,1.0,32,2208,3.2921501000528224,0.05385739996563643
Stochastic GD,70,6.547899478215248e-05,0.054086575928864476,1.0,1.0,32,2240,3.3454605000442825,0.05330720002530143
Stochastic GD,71,6.462960814789922e-05,0.05428957466653411,1.0,1.0,32,2272,3.387779100041371,0.0423148000263609
Stochastic GD,72,6.380412370448363e-05,0.05446495335064141,1.0,1.0,32,2304,3.4413181000272743,0.053537300031166524
Stochastic GD,73,6.299927943742797e-05,0.05466036043078985,1.0,1.0,32,2336,3.495339300017804,0.05401919997530058
Stochastic GD,74,6.221162961945657e-05,0.05483290710472536,1.0,1.0,32,2368,3.547092300024815,0.051748800033237785
Stochastic GD,75,6.144990039695602e-05,0.05500260331343578,1.0,1.0,32,2400,3.5907214000471868,0.043626600003335625
Stochastic GD,76,6.0695696970636235e-05,0.05518968488704622,1.0,1.0,32,2432,3.637843700009398,0.047120300005190074
Stochastic GD,77,5.996949264757887e-05,0.05537400449188954,1.0,1.0,32,2464,3.68310800002655,0.04526270000496879
Stochastic GD,78,5.925231478746278e-05,0.05553763255348549,1.0,1.0,32,2496,3.720747300016228,0.03763119998620823
Stochastic GD,79,5.855847662951855e-05,0.05569904101115642,1.0,1.0,32,2528,3.766633100050967,0.04588409996358678
Stochastic GD,80,5.787516248844174e-05,0.055877902663893614,1.0,1.0,32,2560,3.808705400035251,0.04206690000137314
Stochastic GD,81,5.721058706959241e-05,0.056036368534407584,1.0,1.0,32,2592,3.8488395000458695,0.04013220005435869
Stochastic GD,82,5.6559403276070786e-05,0.05620766786577016,1.0,1.0,32,2624,3.9057220000540838,0.05687829997623339
Stochastic GD,83,5.5922833809599305e-05,0.05635952108450437,1.0,1.0,32,2656,3.9709972999989986,0.0652739999932237
Stochastic GD,84,5.5301082300411025e-05,0.0565284653237945,1.0,1.0,32,2688,4.025807400001213,0.054806799977086484
Stochastic GD,85,5.4690005673783e-05,0.05667926713780601,1.0,1.0,32,2720,4.085427800018806,0.059618900006171316
Stochastic GD,86,5.409604937924057e-05,0.05684559135289254,1.0,1.0,32,2752,4.159001100051682,0.07356999994954094
Stochastic GD,87,5.350927160193455e-05,0.05699214089617338,1.0,1.0,32,2784,4.222389200003818,0.06338639999739826
Stochastic GD,88,5.294132086235406e-05,0.057138709086019895,1.0,1.0,32,2816,4.283264500030782,0.06087169999955222
Stochastic GD,89,5.237836047080661e-05,0.05729920323576075,1.0,1.0,32,2848,4.341998400050215,0.058731400000397116
Stochastic GD,90,5.1832448497309726e-05,0.05744164664358669,1.0,1.0,32,2880,4.408513000002131,0.06651319999946281
Stochastic GD,91,5.1293270163672986e-05,0.05759855961609477,1.0,1.0,32,2912,4.476129200018477,0.06761460000416264
Stochastic GD,92,5.07678746122985e-05,0.05773918035130549,1.0,1.0,32,2944,4.523609500029124,0.047475700033828616
Stochastic GD,93,5.025106203109396e-05,0.057893388016363116,1.0,1.0,32,2976,4.56688200001372,0.04327059997012839
Stochastic GD,94,4.9745034349015174e-05,0.05803061381358494,1.0,1.0,32,3008,4.608231200021692,0.041343400022014976
Stochastic GD,95,4.9249342835599904e-05,0.0581834940826753,1.0,1.0,32,3040,4.654203800018877,0.045970599981956184
Stochastic GD,96,4.876158218896884e-05,0.05831831713699956,1.0,1.0,32,3072,4.702918599999975,0.04871259996434674
Stochastic GD,97,4.828576415137391e-05,0.05846757740213722,1.0,1.0,32,3104,4.7473088999977335,0.04438859998481348
Stochastic GD,98,4.781526018629497e-05,0.05859929580690359,1.0,1.0,32,3136,4.805608700029552,0.058295800001360476
Stochastic GD,99,4.7358343305189536e-05,0.05874300388545676,1.0,1.0,32,3168,4.8548564000520855,0.04924549994757399
Stochastic GD,100,4.690516252246784e-05,0.058873089840404076,1.0,1.0,32,3200,4.905488800024614,0.0506298000109382
SGD + Momentum,1,0.19442360663587316,0.13407255602018173,0.9375,1.0,4,4,0.015636499971151352,0.015635599964298308
SGD + Momentum,2,0.051426928546637975,0.07933888390848046,0.96875,1.0,4,8,0.029216399998404086,0.01357750000897795
SGD + Momentum,3,0.03361109114805912,0.3708672522995649,0.96875,0.875,4,12,0.04562900000018999,0.016411299991887063
SGD + Momentum,4,0.0009093662502989931,0.2965743333905728,1.0,0.875,4,16,0.05985939997481182,0.014227700012270361
SGD + Momentum,5,0.00012968029698239892,0.03029658687112095,1.0,1.0,4,20,0.07410209998488426,0.014240799995604903
SGD + Momentum,6,1.2961631961453637e-05,0.005421791596540543,1.0,1.0,4,24,0.08868589997291565,0.014577900001313537
SGD + Momentum,7,0.00012775203889160792,1.5030681949445532,1.0,0.875,4,28,0.10472289996687323,0.016034399974159896
SGD + Momentum,8,0.0054539108182955305,3.8481499428921584,1.0,0.75,4,32,0.12012350000441074,0.015398100018501282
SGD + Momentum,9,1.6168740213230861e-06,4.390471888023291,1.0,0.75,4,36,0.13615129998652264,0.01602619996992871
SGD + Momentum,10,1.0850263217906359e-06,2.4852815803182704,1.0,0.875,4,40,0.1518610999919474,0.01570639997953549
SGD + Momentum,11,1.0314847763433553e-05,1.7711373753273185,1.0,0.875,4,44,0.17030190001241863,0.018437599996104836
SGD + Momentum,12,5.020978351573267e-05,1.284928413240057,1.0,0.875,4,48,0.1849629000062123,0.014658700034487993
SGD + Momentum,13,0.00011134461145497777,0.9431964509409363,1.0,0.875,4,52,0.19987259997287765,0.014906700002029538
SGD + Momentum,14,6.568276930328454e-05,0.7113099604513733,1.0,0.875,4,56,0.21703669999260455,0.017162500007543713
SGD + Momentum,15,3.965237840046048e-05,0.5577476679283083,1.0,0.875,4,60,0.23640419996809214,0.019364999956451356
SGD + Momentum,16,2.107360747553852e-05,0.4577127235054796,1.0,0.875,4,64,0.2622745999833569,0.025867599993944168
SGD + Momentum,17,1.2854002435206231e-05,0.3928493075428168,1.0,0.875,4,68,0.28046330000506714,0.018185499997343868
SGD + Momentum,18,8.719284659566815e-06,0.35093755983811176,1.0,0.875,4,72,0.30069950001779944,0.020233399991411716
SGD + Momentum,19,6.41004994940392e-06,0.3238949021316519,1.0,0.875,4,76,0.3179262999910861,0.017224700015503913
SGD + Momentum,20,5.074959082565437e-06,0.30641339743016915,1.0,0.875,4,80,0.33166630001505837,0.013738300011027604
SGD + Momentum,21,4.219009939077716e-06,0.29510060096374735,1.0,0.875,4,84,0.3459255999769084,0.014255499991122633
SGD + Momentum,22,3.7019210436289388e-06,0.28774381062433824,1.0,0.875,4,88,0.36295649997191504,0.01702789997216314
SGD + Momentum,23,3.3420793377059618e-06,0.2829655696683281,1.0,0.875,4,92,0.37605309998616576,0.013095300004351884
SGD + Momentum,24,3.0692230641082673e-06,0.27987066485687423,1.0,0.875,4,96,0.39213270001346245,0.016075899999123067
SGD + Momentum,25,2.853055196029545e-06,0.27787338157025177,1.0,0.875,4,100,0.40470279997680336,0.012568100006319582
SGD + Momentum,26,2.680451241979702e-06,0.27658392199848547,1.0,0.875,4,104,0.4174899000208825,0.012783499958459288
SGD + Momentum,27,2.546635472439667e-06,0.27575745354959275,1.0,0.875,4,108,0.4317482999758795,0.014256599999498576
SGD + Momentum,28,2.431944313680484e-06,0.27523443856152985,1.0,0.875,4,112,0.44817430002149194,0.016424099972937256
SGD + Momentum,29,2.3274369987990232e-06,0.27491311208864705,1.0,0.875,4,116,0.46250680001685396,0.01432989997556433
SGD + Momentum,30,2.2269979195954377e-06,0.27472570192636797,1.0,0.875,4,120,0.4798243999830447,0.017313699994701892
SGD + Momentum,31,2.1385592783689634e-06,0.2746212829090404,1.0,0.875,4,124,0.49944119999418035,0.0196148999966681
SGD + Momentum,32,2.065838495651483e-06,0.27456457070594137,1.0,0.875,4,128,0.5154733000090346,0.01602949999505654
SGD + Momentum,33,1.9966578873718366e-06,0.27454486597728955,1.0,0.875,4,132,0.5303320999955758,0.01485750003485009
SGD + Momentum,34,1.9363388404574925e-06,0.27454577085702714,1.0,0.875,4,136,0.5455865999683738,0.015249899995978922
SGD + Momentum,35,1.877253354027905e-06,0.2745603726320873,1.0,0.875,4,140,0.5592464999645017,0.013656499970238656
SGD + Momentum,36,1.824525889160147e-06,0.2745824220295978,1.0,0.875,4,144,0.5718463999801315,0.012595999985933304
SGD + Momentum,37,1.7721180471668903e-06,0.2746145804251099,1.0,0.875,4,148,0.5849816999980249,0.013132799998857081
SGD + Momentum,38,1.7305331213309448e-06,0.2746410692847345,1.0,0.875,4,152,0.5981311000068672,0.013147599995136261
SGD + Momentum,39,1.6830637408208014e-06,0.2746763165276939,1.0,0.875,4,156,0.6114478000090457,0.013314900046680123
SGD + Momentum,40,1.6443488533979705e-06,0.2747075743907032,1.0,0.875,4,160,0.6223044999642298,0.010853899992071092
SGD + Momentum,41,1.603796002800061e-06,0.27474283012988815,1.0,0.875,4,164,0.6380487999995239,0.015741500013973564
SGD + Momentum,42,1.5631037270754753e-06,0.2747798487554988,1.0,0.875,4,168,0.650405399966985,0.012354100006632507
SGD + Momentum,43,1.5279542001238166e-06,0.2748122511016057,1.0,0.875,4,172,0.6622990000178106,0.011891300033312291
SGD + Momentum,44,1.4959142266366025e-06,0.27484177293025674,1.0,0.875,4,176,0.6724648000090383,0.010164400038775057
SGD + Momentum,45,1.4644278594699638e-06,0.27487177458616135,1.0,0.875,4,180,0.6854391999659128,0.012971899996045977
SGD + Momentum,46,1.4335625435345264e-06,0.27490306076276344,1.0,0.875,4,184,0.697881200001575,0.01243970001814887
SGD + Momentum,47,1.4040025704266317e-06,0.27493146949243014,1.0,0.875,4,188,0.7094464999972843,0.011564099986571819
SGD + Momentum,48,1.380098966400368e-06,0.2749558486709298,1.0,0.875,4,192,0.7203516999725252,0.01090299995848909
SGD + Momentum,49,1.354805144129836e-06,0.27498210837620035,1.0,0.875,4,196,0.7341611000010744,0.013806600007228553
SGD + Momentum,50,1.3298285402216102e-06,0.2750071385770085,1.0,0.875,4,200,0.7478437999961898,0.013680599979124963
SGD + Momentum,51,1.3031738327446186e-06,0.27503514544454005,1.0,0.875,4,204,0.7596750999800861,0.011829599970951676
SGD + Momentum,52,1.280635288234275e-06,0.2750588819470059,1.0,0.875,4,208,0.7706669999752194,0.010988799971528351
SGD + Momentum,53,1.2596885637599062e-06,0.27508083961548585,1.0,0.875,4,212,0.7841774999978952,0.013508400006685406
SGD + Momentum,54,1.2348935494183464e-06,0.2751108899643309,1.0,0.875,4,216,0.79709870001534,0.012918400054331869
SGD + Momentum,55,1.2148313124986732e-06,0.2751324117804843,1.0,0.875,4,220,0.8079097999725491,0.0108098000055179
SGD + Momentum,56,1.1940005129627866e-06,0.2751576833211484,1.0,0.875,4,224,0.824377299984917,0.01646379998419434
SGD + Momentum,57,1.1731994848224807e-06,0.27518146811072625,1.0,0.875,4,228,0.8380528999841772,0.013670600019395351
SGD + Momentum,58,1.1535169530462722e-06,0.2752054702686368,1.0,0.875,4,232,0.8567518999916501,0.018697499996051192
SGD + Momentum,59,1.1353274722252139e-06,0.2752265894673902,1.0,0.875,4,236,0.8717796999844722,0.015024699969217181
SGD + Momentum,60,1.1187361057041397e-06,0.27524658362600574,1.0,0.875,4,240,0.8863276999909431,0.014545999991241843
SGD + Momentum,61,1.1028187856765992e-06,0.27526424198908583,1.0,0.875,4,244,0.901590799971018,0.015261199965607375
SGD + Momentum,62,1.0862302120530905e-06,0.27528288270944695,1.0,0.875,4,248,0.9197641999926418,0.01817190001020208
SGD + Momentum,63,1.0703287525389982e-06,0.27530250458694194,1.0,0.875,4,252,0.9354698999668472,0.01570319995516911
SGD + Momentum,64,1.053256529292531e-06,0.2753241436073441,1.0,0.875,4,256,0.9505451999721117,0.015073599992319942
SGD + Momentum,65,1.038961253385141e-06,0.27534126755695604,1.0,0.875,4,260,0.969892599969171,0.01934389997040853
SGD + Momentum,66,1.025433683831682e-06,0.2753595975725407,1.0,0.875,4,264,0.9855104999733157,0.015614299976732582
SGD + Momentum,67,1.0100504944149035e-06,0.2753802819753477,1.0,0.875,4,268,0.9990185999777168,0.013506799994502217
SGD + Momentum,68,9.955100502845472e-07,0.2753997070081465,1.0,0.875,4,272,1.0124985000002198,0.013476299995090812
SGD + Momentum,69,9.835872101050166e-07,0.27541471946811424,1.0,0.875,4,276,1.0232048999750987,0.010704899963457137
SGD + Momentum,70,9.717882973376288e-07,0.2754295668507275,1.0,0.875,4,280,1.0355208999826573,0.01231369999004528
SGD + Momentum,71,9.597004930235688e-07,0.27544406694805956,1.0,0.875,4,284,1.0489448999869637,0.013422699994407594
SGD + Momentum,72,9.470009426980469e-07,0.27546214258335305,1.0,0.875,4,288,1.061384700005874,0.01243659999454394
SGD + Momentum,73,9.350653447853791e-07,0.2754779657727953,1.0,0.875,4,292,1.0728495999937877,0.011463000031653792
SGD + Momentum,74,9.233597143981832e-07,0.275493849576444,1.0,0.875,4,296,1.0867180000059307,0.013865599990822375
SGD + Momentum,75,9.115245703290241e-07,0.2755106644929661,1.0,0.875,4,300,1.100271100003738,0.013550500036217272
SGD + Momentum,76,8.99995065833617e-07,0.27552594802530417,1.0,0.875,4,304,1.1136041000136174,0.013331699999980628
SGD + Momentum,77,8.892168254678297e-07,0.2755406349225896,1.0,0.875,4,308,1.1284916999866255,0.014883900003042072
SGD + Momentum,78,8.79485701660966e-07,0.2755524574354075,1.0,0.875,4,312,1.140963300014846,0.0124661999871023
SGD + Momentum,79,8.691703438742922e-07,0.2755660710944037,1.0,0.875,4,316,1.1573675000108778,0.016400300024542958
SGD + Momentum,80,8.589185498322452e-07,0.27558143042585503,1.0,0.875,4,320,1.1723446999676526,0.014973999990615994
SGD + Momentum,81,8.491219108065197e-07,0.2755946383040273,1.0,0.875,4,324,1.1887219999916852,0.016375500010326505
SGD + Momentum,82,8.409121494731782e-07,0.2756061772401095,1.0,0.875,4,328,1.2070659999735653,0.0183421999681741
SGD + Momentum,83,8.325599909079144e-07,0.2756172845461195,1.0,0.875,4,332,1.2276742999674752,0.02060449996497482
SGD + Momentum,84,8.228510349677523e-07,0.2756314850715878,1.0,0.875,4,336,1.2480431000003591,0.02036470000166446
SGD + Momentum,85,8.1393587304564e-07,0.2756431052587805,1.0,0.875,4,340,1.2782201999798417,0.030171899998094887
SGD + Momentum,86,8.053331290350746e-07,0.27565583694245455,1.0,0.875,4,344,1.2960080999764614,0.017784499970730394
SGD + Momentum,87,7.964279293570132e-07,0.27566970135427343,1.0,0.875,4,348,1.3109929999918677,0.014983100001700222
SGD + Momentum,88,7.894597274119312e-07,0.2756782668513039,1.0,0.875,4,352,1.3234467000002041,0.012449300033040345
SGD + Momentum,89,7.819410654151965e-07,0.27568924582249466,1.0,0.875,4,356,1.3366855999920517,0.013236300030257553
SGD + Momentum,90,7.741360889838909e-07,0.2757001482214272,1.0,0.875,4,360,1.3489975999691524,0.012309999961871654
SGD + Momentum,91,7.670599620210935e-07,0.275709173207346,1.0,0.875,4,364,1.3607803999911994,0.011781100009102374
SGD + Momentum,92,7.589825389155866e-07,0.2757213588522199,1.0,0.875,4,368,1.3709121000138111,0.01012959994841367
SGD + Momentum,93,7.510604928759815e-07,0.2757344344995384,1.0,0.875,4,372,1.3830744000151753,0.012159400037489831
SGD + Momentum,94,7.444633004960535e-07,0.27574315827196955,1.0,0.875,4,376,1.3940231999731623,0.010945199988782406
SGD + Momentum,95,7.382321763677236e-07,0.2757513480442961,1.0,0.875,4,380,1.4039585000136867,0.009931800013873726
SGD + Momentum,96,7.316961079701783e-07,0.2757607172620634,1.0,0.875,4,384,1.4165661999722943,0.012605299998540431
SGD + Momentum,97,7.254151907060106e-07,0.2757694064147661,1.0,0.875,4,388,1.428223299968522,0.011654899979475886
SGD + Momentum,98,7.189066247918654e-07,0.27577907464103546,1.0,0.875,4,392,1.4378073000116274,0.009582500031683594
SGD + Momentum,99,7.129493765274972e-07,0.2757888169699285,1.0,0.875,4,396,1.4504507000092417,0.012641000037547201
SGD + Momentum,100,7.069194821948465e-07,0.2757966642318649,1.0,0.875,4,400,1.4635826000012457,0.013129800034221262
Adagrad,1,0.11701076793529926,0.29220712530661325,0.96875,0.875,4,4,0.01796590001322329,0.017965000006370246
Adagrad,2,0.011109412363337175,0.08813928872963711,1.0,1.0,4,8,0.036741299962159246,0.018773699994198978
Adagrad,3,0.003760425398428679,0.09684463832698241,1.0,0.875,4,12,0.05713159998413175,0.02038830000674352
Adagrad,4,0.0026221914927136384,0.10366586193685566,1.0,0.875,4,16,0.07503030000953004,0.01789499999722466
Adagrad,5,0.0020568360776155757,0.10903560732421762,1.0,0.875,4,20,0.09197639999911189,0.016942800022661686
Adagrad,6,0.00171780304118574,0.11355515000954985,1.0,0.875,4,24,0.11092619999544695,0.018947600037790835
Adagrad,7,0.001478943086932433,0.11738616672562173,1.0,0.875,4,28,0.1283446999732405,0.017415700014680624
Adagrad,8,0.001300351185582829,0.12079105398456111,1.0,0.875,4,32,0.14590269996551797,0.017554899968672544
Adagrad,9,0.001160316916968189,0.1238636063165932,1.0,0.875,4,36,0.16226070001721382,0.016356399981305003
Adagrad,10,0.0010490148626552845,0.12672689178607244,1.0,0.875,4,40,0.17866659996798262,0.016402399982325733
Adagrad,11,0.0009580115765529364,0.1293668037460213,1.0,0.875,4,44,0.1962051999871619,0.017536900006234646
Adagrad,12,0.0008812627403838901,0.13181251326817692,1.0,0.875,4,48,0.21209569997154176,0.01588869997067377
Adagrad,13,0.000816018122387868,0.13409718082896713,1.0,0.875,4,52,0.22805009997682646,0.015951399982441217
Adagrad,14,0.0007597472779145469,0.1362318466831759,1.0,0.875,4,56,0.2440059999935329,0.01595390000147745
Adagrad,15,0.0007106236210871939,0.1382437424807014,1.0,0.875,4,60,0.26339669997105375,0.019387200009077787
Adagrad,16,0.0006674293279912614,0.14014616039709635,1.0,0.875,4,64,0.28036839998094365,0.016969299991615117
Adagrad,17,0.0006291014682117596,0.14195402937298762,1.0,0.875,4,68,0.2987571000121534,0.0183870000182651
Adagrad,18,0.0005946946230060442,0.14367965667374852,1.0,0.875,4,72,0.31680789997335523,0.018047699995804578
Adagrad,19,0.0005640072731343401,0.14531634592509288,1.0,0.875,4,76,0.33496559999184683,0.018156000005546957
Adagrad,20,0.000536309560046821,0.1468812929970875,1.0,0.875,4,80,0.35410170000977814,0.019133800000417978
Adagrad,21,0.000511161748262241,0.1483831979112029,1.0,0.875,4,84,0.3749412000179291,0.020836599986068904
Adagrad,22,0.0004885052785567972,0.14982725407968758,1.0,0.875,4,88,0.3968029000097886,0.021855900005903095
Adagrad,23,0.00046887373639260496,0.15125417546341177,1.0,0.875,4,92,0.41559659998165444,0.018792000017128885
Adagrad,24,0.0004507832212689832,0.15262550415437937,1.0,0.875,4,96,0.4343794999876991,0.018781099992338568
Adagrad,25,0.00043376556639147085,0.15393648837715473,1.0,0.875,4,100,0.4534186999662779,0.019036499958019704
Adagrad,26,0.0004144497852808013,0.1552842513743701,1.0,0.875,4,104,0.4728606999851763,0.019439800002146512
Adagrad,27,0.0003969061268599292,0.15658063551508425,1.0,0.875,4,108,0.49499829998239875,0.022134399972856045
Adagrad,28,0.000380875514752022,0.15782809127563713,1.0,0.875,4,112,0.512577599962242,0.01757759996689856
Adagrad,29,0.0003661805474828308,0.1590481946328831,1.0,0.875,4,116,0.5320686000050046,0.019488800026010722
Adagrad,30,0.0003526079339683338,0.16021904641844714,1.0,0.875,4,120,0.5509732000064105,0.018902900046668947
Adagrad,31,0.00034002558865096314,0.16136506083474259,1.0,0.875,4,124,0.5704058000119403,0.019430300046224147
Adagrad,32,0.0003283576977826253,0.16247723094536512,1.0,0.875,4,128,0.5874343999894336,0.01702650001971051
Adagrad,33,0.00031747113223969104,0.16355696776350456,1.0,0.875,4,132,0.607197500008624,0.01976150000700727
Adagrad,34,0.0003073249484566473,0.1646058818590665,1.0,0.875,4,136,0.6771995999733917,0.06999759998871014
Adagrad,35,0.0002978123550191809,0.16562735316882105,1.0,0.875,4,140,0.703262299997732,0.026060300006065518
Adagrad,36,0.00028889461225151364,0.16662170577899615,1.0,0.875,4,144,0.7382861999794841,0.03502020001178607
Adagrad,37,0.00028050474238953835,0.16759032519428274,1.0,0.875,4,148,0.7847792999818921,0.046491799992509186
Adagrad,38,0.0002725964042831086,0.16853658543563446,1.0,0.875,4,152,0.8145200000144541,0.029736900003626943
Adagrad,39,0.00026512378166763744,0.1694606262299371,1.0,0.875,4,156,0.834826999984216,0.02030390000436455
Adagrad,40,0.0002580511165287059,0.1703609979965014,1.0,0.875,4,160,0.8605654999846593,0.02573549997759983
Adagrad,41,0.0002513436648331079,0.1712451344962943,1.0,0.875,4,164,0.8842429000069387,0.023673599993344396
Adagrad,42,0.00024499019676196837,0.17210802595160574,1.0,0.875,4,168,0.9168653999804519,0.032618400000501424
Adagrad,43,0.00023901344435760477,0.17295093608385273,1.0,0.875,4,172,0.9376017000176944,0.020733099954668432
Adagrad,44,0.0002333698387387104,0.17377864656252046,1.0,0.875,4,176,0.96044759999495,0.02284360001794994
Adagrad,45,0.00022796896553702747,0.1745871179905612,1.0,0.875,4,180,0.9839043999672867,0.023453300003893673
Adagrad,46,0.00022286119234714167,0.1753361775201431,1.0,0.875,4,184,1.009455399995204,0.025549700018018484
Adagrad,47,0.00021796313344457164,0.17611808327048709,1.0,0.875,4,188,1.0344165000133216,0.02495770005043596
Adagrad,48,0.0002132708450831887,0.1768590498156383,1.0,0.875,4,192,1.0616701999679208,0.027250499988440424
Adagrad,49,0.00020877877181710953,0.17760826771532942,1.0,0.875,4,196,1.0870577999739908,0.025386199995409697
Adagrad,50,0.0002044826829908291,0.17832840461061952,1.0,0.875,4,200,1.1391199000063352,0.052059700014069676
Adagrad,51,0.00020035252208113217,0.17902781525251188,1.0,0.875,4,204,1.1595837000058964,0.020460500032640994
Adagrad,52,0.00019643744826203108,0.1797354311255331,1.0,0.875,4,208,1.180762899981346,0.021177600021474063
Adagrad,53,0.00019266193791450073,0.18042063679442408,1.0,0.875,4,212,1.2013245999696665,0.020559799973852932
Adagrad,54,0.00018902101191359657,0.18108584845203837,1.0,0.875,4,216,1.2198168999748304,0.018489699985366315
Adagrad,55,0.00018553877703110462,0.181762690863492,1.0,0.875,4,220,1.242020900011994,0.022202700027264655
Adagrad,56,0.0001821603582125815,0.1824098085167457,1.0,0.875,4,224,1.265711799962446,0.023686999978963286
Adagrad,57,0.00017890066059682937,0.18304495716879768,1.0,0.875,4,228,1.2848374000168405,0.019122399971820414
Adagrad,58,0.00017577674405518985,0.1836690326913485,1.0,0.875,4,232,1.3108967000152916,0.0260551999672316
Adagrad,59,0.0001727642002391986,0.18431041085102415,1.0,0.875,4,236,1.3296179000171833,0.018717499973718077
Adagrad,60,0.00016986812985668242,0.18493051297279098,1.0,0.875,4,240,1.3476286999648437,0.01800889999140054
Adagrad,61,0.0001670763809586007,0.185540683871608,1.0,0.875,4,244,1.3840539999655448,0.03642229997785762
Adagrad,62,0.0001643769350292315,0.186164152939156,1.0,0.875,4,248,1.4033596999943256,0.019302700005937368
Adagrad,63,0.00016175265451208204,0.18677486598741472,1.0,0.875,4,252,1.420769200020004,0.01741049997508526
Adagrad,64,0.00015921236313428392,0.1873644105388663,1.0,0.875,4,256,1.444255999987945,0.02348169998731464
Adagrad,65,0.0001567562230613322,0.1879415843373894,1.0,0.875,4,260,1.464585800014902,0.02032769995275885
Adagrad,66,0.00015437726810017013,0.18851497152170357,1.0,0.875,4,264,1.4915086000110023,0.026916000002529472
Adagrad,67,0.00015206683565383632,0.18908229090898335,1.0,0.875,4,268,1.5089689000160433,0.017455399967730045
Adagrad,68,0.00014982254061669218,0.18966896041962233,1.0,0.875,4,272,1.5262706999783404,0.017299500002991408
Adagrad,69,0.00014764081090711407,0.19022105082077576,1.0,0.875,4,276,1.5430173999629915,0.016742399951908737
Adagrad,70,0.0001455256200683306,0.19076619770832925,1.0,0.875,4,280,1.56022290000692,0.017203400027938187
Adagrad,71,0.00014347242009177,0.19129746463512642,1.0,0.875,4,284,1.578213099972345,0.017987500003073364
Adagrad,72,0.0001414684509706713,0.19182986346669414,1.0,0.875,4,288,1.598936699971091,0.020719399966765195
Adagrad,73,0.00013952653107037757,0.19237039972922296,1.0,0.875,4,292,1.6172903999686241,0.018352299986872822
Adagrad,74,0.00013763319205476187,0.19288864421095714,1.0,0.875,4,296,1.6360050999792293,0.018711599987000227
Adagrad,75,0.00013578574288432684,0.1933991358706006,1.0,0.875,4,300,1.6532379999989644,0.01723100000526756
Adagrad,76,0.0001339996190059892,0.19390253288369608,1.0,0.875,4,304,1.66926329996204,0.016023699950892478
Adagrad,77,0.00013226726052373078,0.1944030294441546,1.0,0.875,4,308,1.6891544999671169,0.019887899979948997
Adagrad,78,0.00013056291432342145,0.19490020756376772,1.0,0.875,4,312,1.70912179996958,0.01996000000508502
Adagrad,79,0.00012890225912584396,0.1954013986936639,1.0,0.875,4,316,1.7274499000050128,0.01832470000954345
Adagrad,80,0.00012728210740183208,0.19588567036619067,1.0,0.875,4,320,1.7447165999910794,0.017263100016862154
Adagrad,81,0.00012570473717483862,0.1963660381448455,1.0,0.875,4,324,1.7624329999671318,0.017714399960823357
Adagrad,82,0.00012416196129062899,0.19684070096492762,1.0,0.875,4,328,1.7780675999820232,0.01563089998671785
Adagrad,83,0.00012265878117881512,0.19730765912477158,1.0,0.875,4,332,1.7948599999654107,0.016790299967397004
Adagrad,84,0.00012120019759467599,0.1977966070483506,1.0,0.875,4,336,1.8104197999928147,0.015557400009129196
Adagrad,85,0.00011976271981043512,0.19825641087956947,1.0,0.875,4,340,1.8272108999663033,0.016788599954452366
Adagrad,86,0.0001183644363768439,0.19870851263176922,1.0,0.875,4,344,1.8430351999704726,0.01582219998817891
Adagrad,87,0.0001170000387801113,0.19916209747276972,1.0,0.875,4,348,1.859927700017579,0.016890499973669648
Adagrad,88,0.00011566100472130405,0.1996054472025738,1.0,0.875,4,352,1.8762805999722332,0.016348299977835268
Adagrad,89,0.00011435805538576233,0.20004451803435716,1.0,0.875,4,356,1.8950919999624602,0.018808599968906492
Adagrad,90,0.0001130799670499334,0.20048109385624865,1.0,0.875,4,360,1.912512600014452,0.017418699979316443
Adagrad,91,0.00011183021766506347,0.2009241832185493,1.0,0.875,4,364,1.93211870000232,0.019603800028562546
Adagrad,92,0.00011061405097774578,0.2013595465270972,1.0,0.875,4,368,1.9507368999766186,0.0186163000180386
Adagrad,93,0.00010941166905116679,0.2017875215836293,1.0,0.875,4,372,1.9699663000064902,0.019225900003220886
Adagrad,94,0.00010824463438390262,0.202206182533663,1.0,0.875,4,376,1.9905391999636777,0.020568499981891364
Adagrad,95,0.0001071042808368611,0.2026258127092308,1.0,0.875,4,380,2.010852499981411,0.020310599997173995
Adagrad,96,0.00010598560315655597,0.20304803764879556,1.0,0.875,4,384,2.02799309999682,0.01713779999408871
Adagrad,97,0.00010489059694294105,0.20345736375246373,1.0,0.875,4,388,2.0488944000098854,0.020897400041576475
Adagrad,98,0.0001038204523951074,0.20386376680817073,1.0,0.875,4,392,2.067400500003714,0.018502800026908517
Adagrad,99,0.00010276939044822253,0.2042744335726276,1.0,0.875,4,396,2.0853691999800503,0.017966700019314885
Adagrad,100,0.00010173604247534254,0.2046734702454571,1.0,0.875,4,400,2.1021442000055686,0.016772800008766353
RMSprop,1,4.3202485648897,6.335914195493025,0.84375,0.75,4,4,0.023765999998431653,0.02376329997787252
RMSprop,2,2.3981227321948104,6.907755278982137,0.90625,0.75,4,8,0.04513550002593547,0.021366800006944686
RMSprop,3,-0.0,3.4538776394910684,1.0,0.875,4,12,0.06899930001236498,0.02386249997653067
RMSprop,4,-0.0,3.4538776394910684,1.0,0.875,4,16,0.0903447000309825,0.021301400032825768
RMSprop,5,-0.0,3.4538776394910684,1.0,0.875,4,20,0.11191140004666522,0.021563199989032
RMSprop,6,-0.0,3.4538776394910684,1.0,0.875,4,24,0.13351569999940693,0.021602099994197488
RMSprop,7,-0.0,3.4538776394910684,1.0,0.875,4,28,0.15766820003045723,0.024151100020390004
RMSprop,8,-0.0,3.4538776394910684,1.0,0.875,4,32,0.18111170001793653,0.023440100019797683
RMSprop,9,-0.0,3.4538776394910684,1.0,0.875,4,36,0.20472060004249215,0.023606800008565187
RMSprop,10,-0.0,3.4538776394910684,1.0,0.875,4,40,0.2250694000395015,0.02034570003161207
RMSprop,11,-0.0,3.4538776394910684,1.0,0.875,4,44,0.24589930003276095,0.020828200038522482
RMSprop,12,-0.0,3.4538776394910684,1.0,0.875,4,48,0.2673998000100255,0.021498600021004677
RMSprop,13,-0.0,3.4538776394910684,1.0,0.875,4,52,0.28969190001953393,0.022287500032689422
RMSprop,14,-0.0,3.4538776394910684,1.0,0.875,4,56,0.30850959999952465,0.018815899966284633
RMSprop,15,-0.0,3.4538776394910684,1.0,0.875,4,60,0.329165400005877,0.02065359998960048
RMSprop,16,-0.0,3.4538776394910684,1.0,0.875,4,64,0.35341460001654923,0.024247499997727573
RMSprop,17,-0.0,3.4538776394910684,1.0,0.875,4,68,0.3760026000090875,0.022586299979593605
RMSprop,18,-0.0,3.4538776394910684,1.0,0.875,4,72,0.3985048000467941,0.02249969996046275
RMSprop,19,-0.0,3.4538776394910684,1.0,0.875,4,76,0.4216997000039555,0.023192099994048476
RMSprop,20,-0.0,3.4538776394910684,1.0,0.875,4,80,0.4439175000297837,0.022214199998416007
RMSprop,21,-0.0,3.4538776394910684,1.0,0.875,4,84,0.4675623000366613,0.023643400054425
RMSprop,22,-0.0,3.4538776394910684,1.0,0.875,4,88,0.4897152000339702,0.02215010003419593
RMSprop,23,-0.0,3.4538776394910684,1.0,0.875,4,92,0.5104184999945574,0.020698399981483817
RMSprop,24,-0.0,3.4538776394910684,1.0,0.875,4,96,0.5310955000459217,0.02067449997412041
RMSprop,25,-0.0,3.4538776394910684,1.0,0.875,4,100,0.5533932000398636,0.022294900030829012
RMSprop,26,-0.0,3.4538776394910684,1.0,0.875,4,104,0.5736238000099547,0.020227800006978214
RMSprop,27,-0.0,3.4538776394910684,1.0,0.875,4,108,0.5957953000324778,0.02216930000577122
RMSprop,28,-0.0,3.4538776394910684,1.0,0.875,4,112,0.6187837999896146,0.02298730000620708
RMSprop,29,-0.0,3.4538776394910684,1.0,0.875,4,116,0.6396150999935344,0.020828799984883517
RMSprop,30,-0.0,3.4538776394910684,1.0,0.875,4,120,0.660056299995631,0.020439099986106157
RMSprop,31,-0.0,3.4538776394910684,1.0,0.875,4,124,0.6810318999923766,0.02097369998227805
RMSprop,32,-0.0,3.4538776394910684,1.0,0.875,4,128,0.7073891999898478,0.026355399983003736
RMSprop,33,-0.0,3.4538776394910684,1.0,0.875,4,132,0.7290843999944627,0.021692999987863004
RMSprop,34,-0.0,3.4538776394910684,1.0,0.875,4,136,0.7536630000104196,0.02457559999311343
RMSprop,35,-0.0,3.4538776394910684,1.0,0.875,4,140,0.7746265000314452,0.02096049999818206
RMSprop,36,-0.0,3.4538776394910684,1.0,0.875,4,144,0.7970609000185505,0.022432000027038157
RMSprop,37,-0.0,3.4538776394910684,1.0,0.875,4,148,0.8229254999896511,0.025863799965009093
RMSprop,38,-0.0,3.4538776394910684,1.0,0.875,4,152,0.8534449000144377,0.030514599988237023
RMSprop,39,-0.0,3.4538776394910684,1.0,0.875,4,156,0.8829515000106767,0.029503600031603128
RMSprop,40,-0.0,3.4538776394910684,1.0,0.875,4,160,0.9107387000112794,0.027782600023783743
RMSprop,41,-0.0,3.4538776394910684,1.0,0.875,4,164,0.937149400007911,0.02640939998673275
RMSprop,42,-0.0,3.4538776394910684,1.0,0.875,4,168,0.9651124000083655,0.02795770001830533
RMSprop,43,-0.0,3.4538776394910684,1.0,0.875,4,172,0.9935811000177637,0.028465399984270334
RMSprop,44,-0.0,3.4538776394910684,1.0,0.875,4,176,1.0212409000378102,0.027657600003294647
RMSprop,45,-0.0,3.4538776394910684,1.0,0.875,4,180,1.046113200020045,0.024870900029782206
RMSprop,46,-0.0,3.4538776394910684,1.0,0.875,4,184,1.0760432000388391,0.029926300048828125
RMSprop,47,-0.0,3.4538776394910684,1.0,0.875,4,188,1.1045177000341937,0.02847230003681034
RMSprop,48,-0.0,3.4538776394910684,1.0,0.875,4,192,1.1326122000464238,0.0280911999871023
RMSprop,49,-0.0,3.4538776394910684,1.0,0.875,4,196,1.1601327999960631,0.027517399983480573
RMSprop,50,-0.0,3.4538776394910684,1.0,0.875,4,200,1.1937619000091217,0.0336261999909766
RMSprop,51,-0.0,3.4538776394910684,1.0,0.875,4,204,1.2246398000279441,0.030875500000547618
RMSprop,52,-0.0,3.4538776394910684,1.0,0.875,4,208,1.2595403000013903,0.034896900004241616
RMSprop,53,-0.0,3.4538776394910684,1.0,0.875,4,212,1.2926392999943346,0.03309649997390807
RMSprop,54,-0.0,3.4538776394910684,1.0,0.875,4,216,1.3376396000385284,0.04499809996923432
RMSprop,55,-0.0,3.4538776394910684,1.0,0.875,4,220,1.3685771000455134,0.03093289997195825
RMSprop,56,-0.0,3.4538776394910684,1.0,0.875,4,224,1.3950333000393584,0.026450700010173023
RMSprop,57,-0.0,3.4538776394910684,1.0,0.875,4,228,1.4170216000056826,0.021984799997881055
RMSprop,58,-0.0,3.4538776394910684,1.0,0.875,4,232,1.4399220999912359,0.022897399961948395
RMSprop,59,-0.0,3.4538776394910684,1.0,0.875,4,236,1.4603664000169374,0.02044150000438094
RMSprop,60,-0.0,3.4538776394910684,1.0,0.875,4,240,1.4801819000276737,0.019811600039247423
RMSprop,61,-0.0,3.4538776394910684,1.0,0.875,4,244,1.502162099990528,0.021977500000502914
RMSprop,62,-0.0,3.4538776394910684,1.0,0.875,4,248,1.5231141000404023,0.020947800017893314
RMSprop,63,-0.0,3.4538776394910684,1.0,0.875,4,252,1.5432305000140332,0.020113800012040883
RMSprop,64,-0.0,3.4538776394910684,1.0,0.875,4,256,1.5646525000338443,0.021420100005343556
RMSprop,65,-0.0,3.4538776394910684,1.0,0.875,4,260,1.5859301000018604,0.02127580001251772
RMSprop,66,-0.0,3.4538776394910684,1.0,0.875,4,264,1.6074362000217661,0.021502999996300787
RMSprop,67,-0.0,3.4538776394910684,1.0,0.875,4,268,1.630864400009159,0.02342689997749403
RMSprop,68,-0.0,3.4538776394910684,1.0,0.875,4,272,1.6547538000158966,0.023885899980086833
RMSprop,69,-0.0,3.4538776394910684,1.0,0.875,4,276,1.6779967999900691,0.023241199960466474
RMSprop,70,-0.0,3.4538776394910684,1.0,0.875,4,280,1.702202100015711,0.024203200009651482
RMSprop,71,-0.0,3.4538776394910684,1.0,0.875,4,284,1.7252800000132993,0.02307130000554025
RMSprop,72,-0.0,3.4538776394910684,1.0,0.875,4,288,1.7469757000217214,0.021694099996238947
RMSprop,73,-0.0,3.4538776394910684,1.0,0.875,4,292,1.76879950001603,0.02182099997298792
RMSprop,74,-0.0,3.4538776394910684,1.0,0.875,4,296,1.7892834999947809,0.02048159996047616
RMSprop,75,-0.0,3.4538776394910684,1.0,0.875,4,300,1.8119815000100061,0.02269499999238178
RMSprop,76,-0.0,3.4538776394910684,1.0,0.875,4,304,1.8336277999915183,0.02164459996856749
RMSprop,77,-0.0,3.4538776394910684,1.0,0.875,4,308,1.8566162000061013,0.02298579999478534
RMSprop,78,-0.0,3.4538776394910684,1.0,0.875,4,312,1.8777729000430554,0.021152000001166016
RMSprop,79,-0.0,3.4538776394910684,1.0,0.875,4,316,1.8990906000253744,0.0213161000283435
RMSprop,80,-0.0,3.4538776394910684,1.0,0.875,4,320,1.9219458000152372,0.02285100001608953
RMSprop,81,-0.0,3.4538776394910684,1.0,0.875,4,324,1.9414384000119753,0.019490099977701902
RMSprop,82,-0.0,3.4538776394910684,1.0,0.875,4,328,1.9620074999984354,0.020565499959047884
RMSprop,83,-0.0,3.4538776394910684,1.0,0.875,4,332,1.9834927000338212,0.021483900025486946
RMSprop,84,-0.0,3.4538776394910684,1.0,0.875,4,336,2.0059703000006266,0.022474900004453957
RMSprop,85,-0.0,3.4538776394910684,1.0,0.875,4,340,2.026410799997393,0.02043739997316152
RMSprop,86,-0.0,3.4538776394910684,1.0,0.875,4,344,2.046113200020045,0.019698999996762723
RMSprop,87,-0.0,3.4538776394910684,1.0,0.875,4,348,2.0705932000419125,0.024477200000546873
RMSprop,88,-0.0,3.4538776394910684,1.0,0.875,4,352,2.090036900015548,0.019439299998339266
RMSprop,89,-0.0,3.4538776394910684,1.0,0.875,4,356,2.110316000005696,0.020277499977964908
RMSprop,90,-0.0,3.4538776394910684,1.0,0.875,4,360,2.132452399993781,0.02213509997818619
RMSprop,91,-0.0,3.4538776394910684,1.0,0.875,4,364,2.155266500019934,0.0228105999995023
RMSprop,92,-0.0,3.4538776394910684,1.0,0.875,4,368,2.1757197999977507,0.0204517999663949
RMSprop,93,-0.0,3.4538776394910684,1.0,0.875,4,372,2.196568400016986,0.020845699997153133
RMSprop,94,-0.0,3.4538776394910684,1.0,0.875,4,376,2.21860680001555,0.022033700020983815
RMSprop,95,-0.0,3.4538776394910684,1.0,0.875,4,380,2.239091199997347,0.02048159996047616
RMSprop,96,-0.0,3.4538776394910684,1.0,0.875,4,384,2.258385699999053,0.019292199984192848
RMSprop,97,-0.0,3.4538776394910684,1.0,0.875,4,388,2.277006899996195,0.01861939998343587
RMSprop,98,-0.0,3.4538776394910684,1.0,0.875,4,392,2.29663990001427,0.01963130000513047
RMSprop,99,-0.0,3.4538776394910684,1.0,0.875,4,396,2.3184494000161067,0.021806899982038885
RMSprop,100,-0.0,3.4538776394910684,1.0,0.875,4,400,2.337888700014446,0.019435100024566054
Adam,1,0.24332097234706204,0.8591619440466118,0.9375,0.75,4,4,0.027416300028562546,0.0274156000232324
Adam,2,0.00042971491914199893,0.9457782826764879,1.0,0.75,4,8,0.05280110001331195,0.025382200023159385
Adam,3,0.14723968594544473,2.565896612758619,0.9375,0.75,4,12,0.07862909999676049,0.02582579996669665
Adam,4,5.355980533666608e-05,1.6290401683301776,1.0,0.75,4,16,0.10099320003064349,0.022362500021699816
Adam,5,5.290693516071903e-08,0.9402865308532472,1.0,0.875,4,20,0.1272218000376597,0.026224400033243
Adam,6,1.711971303125725e-08,0.5556113192014315,1.0,0.875,4,24,0.1515470000449568,0.024323300051037222
Adam,7,1.1769715199766767e-08,0.30361155480123353,1.0,0.875,4,28,0.17916450003394857,0.02761570003349334
Adam,8,9.660392134665627e-09,0.1654661702731933,1.0,0.875,4,32,0.20366749999811873,0.024500900006387383
Adam,9,8.631220383572218e-09,0.11487598166989291,1.0,1.0,4,36,0.23015650000888854,0.026487099996302277
Adam,10,8.066216814033176e-09,0.10389153035729547,1.0,1.0,4,40,0.25675420003244653,0.026595500006806105
Adam,11,7.733100139410897e-09,0.10637967770634477,1.0,1.0,4,44,0.28322780004236847,0.026471300050616264
Adam,12,7.527585378043245e-09,0.1121832241942983,1.0,1.0,4,48,0.3088745000422932,0.025644800043664873
Adam,13,7.3966744217959565e-09,0.11786301012602463,1.0,1.0,4,52,0.3325930000282824,0.023715600022114813
Adam,14,7.311576894642108e-09,0.12247223082799005,1.0,1.0,4,56,0.35785940004279837,0.025264900003094226
Adam,15,7.255415595235066e-09,0.1259307445533419,1.0,0.875,4,60,0.3837855000165291,0.025923000008333474
Adam,16,7.217988317661971e-09,0.12842189246859134,1.0,0.875,4,64,0.4085126999998465,0.02472629997646436
Adam,17,7.192882370705575e-09,0.13017380189408062,1.0,0.875,4,68,0.4322599000297487,0.023739400028716773
Adam,18,7.175892263336963e-09,0.1313873715569625,1.0,0.875,4,72,0.4595868000178598,0.02732400002423674
Adam,19,7.1643055084907735e-09,0.1322196698269777,1.0,0.875,4,76,0.4831327000283636,0.023543699993751943
Adam,20,7.15632848150845e-09,0.13278656303350522,1.0,0.875,4,80,0.5063149000052363,0.023180699965450913
Adam,21,7.150766779920632e-09,0.13317078290803067,1.0,0.875,4,84,0.5309462000150234,0.024628099985420704
Adam,22,7.146776984463584e-09,0.13343020284219342,1.0,0.875,4,88,0.55611470004078,0.025165700004436076
Adam,23,7.144036446914194e-09,0.13360497976849792,1.0,0.875,4,92,0.5821217000484467,0.026004599989391863
Adam,24,7.141865825124787e-09,0.1337222913977428,1.0,0.875,4,96,0.6079546000109985,0.025831300008576363
Adam,25,7.140183843816439e-09,0.13380090434457298,1.0,0.875,4,100,0.632774600002449,0.024817199970129877
Adam,26,7.138776705213756e-09,0.1338534267519495,1.0,0.875,4,104,0.657930999994278,0.02515449997736141
Adam,27,7.13764799672741e-09,0.13388848043920104,1.0,0.875,4,108,0.6807104000472464,0.022776400030124933
Adam,28,7.136651744814445e-09,0.13391177225962805,1.0,0.875,4,112,0.7022673000465147,0.02155449998099357
Adam,29,7.135797670868189e-09,0.13392721694524445,1.0,0.875,4,116,0.7286636000499129,0.026393799984361976
Adam,30,7.134918099949476e-09,0.1339373218484064,1.0,0.875,4,120,0.7507646000012755,0.022099199995864183
Adam,31,7.134022788145697e-09,0.133943854794991,1.0,0.875,4,124,0.776690500031691,0.02592380001442507
Adam,32,7.133220894691228e-09,0.13394807203275644,1.0,0.875,4,128,0.7998326999950223,0.023140299948863685
Adam,33,7.132484552982004e-09,0.13395074415342212,1.0,0.875,4,132,0.8262121000443585,0.026377600035630167
Adam,34,7.1317962006736776e-09,0.13395238741834387,1.0,0.875,4,136,0.8499796999967657,0.023765299993101507
Adam,35,7.131065812536452e-09,0.1339532920810808,1.0,0.875,4,140,0.8754259000415914,0.025444300030358136
Adam,36,7.130108626600615e-09,0.13395356484576923,1.0,0.875,4,144,0.905426700017415,0.02999830001499504
Adam,37,7.129389472535038e-09,0.13395368907665034,1.0,0.875,4,148,0.9422156999935396,0.03678510000463575
Adam,38,7.128552579291061e-09,0.13395352054750825,1.0,0.875,4,152,0.9695599999977276,0.027342299988958985
Adam,39,7.127783250072293e-09,0.13395325922093182,1.0,0.875,4,156,0.9967198999947868,0.027157099975738674
Adam,40,7.1268349008197875e-09,0.13395277924960905,1.0,0.875,4,160,1.0230577000183985,0.02633720001904294
Adam,41,7.125846545365455e-09,0.1339522092406004,1.0,0.875,4,164,1.0484333000495099,0.025365899957250804
Adam,42,7.125102022698024e-09,0.13395176875936968,1.0,0.875,4,168,1.0755732000106946,0.0271354999858886
Adam,43,7.124224467526627e-09,0.13395120738304436,1.0,0.875,4,172,1.1018874000292271,0.026312100002542138
Adam,44,7.123414753936275e-09,0.13395067517452655,1.0,0.875,4,176,1.129990000044927,0.028099800052586943
Adam,45,7.122484830920792e-09,0.1339500468246827,1.0,0.875,4,180,1.1537192999967374,0.02372810000088066
Adam,46,7.121412722998241e-09,0.13394931067893223,1.0,0.875,4,184,1.178320100007113,0.02459749998524785
Adam,47,7.120524655400298e-09,0.13394869785488808,1.0,0.875,4,188,1.2014538000221364,0.023130499990656972
Adam,48,7.119613345972004e-09,0.1339480651045562,1.0,0.875,4,192,1.2277039000182413,0.0262481999816373
Adam,49,7.118606803672848e-09,0.1339473633835894,1.0,0.875,4,196,1.2565091000287794,0.028802799992263317
Adam,50,7.117540746467278e-09,0.1339466182168561,1.0,0.875,4,200,1.2816746000316925,0.025161000026855618
Adam,51,7.116571334197848e-09,0.1339459397799413,1.0,0.875,4,204,1.3071788999950513,0.025502000004053116
Adam,52,7.115671331699833e-09,0.13394530914600197,1.0,0.875,4,208,1.3352851000381634,0.028104100027121603
Adam,53,7.114655276175115e-09,0.13394459684534926,1.0,0.875,4,212,1.3699648000183515,0.034677700023166835
Adam,54,7.113638693294373e-09,0.13394388364582696,1.0,0.875,4,216,1.4035574000445195,0.0335890999995172
Adam,55,7.112618377287908e-09,0.13394316741351855,1.0,0.875,4,220,1.4416785000357777,0.038118200027383864
Adam,56,7.11159239567332e-09,0.1339424471327713,1.0,0.875,4,224,1.4732480000238866,0.031566200021188706
Adam,57,7.110559381488211e-09,0.13394172197851767,1.0,0.875,4,228,1.507613699999638,0.03436319995671511
Adam,58,7.109443239335421e-09,0.13394093833320964,1.0,0.875,4,232,1.5691112000495195,0.06149509997339919
Adam,59,7.108598803512521e-09,0.13394034511367536,1.0,0.875,4,236,1.6261511000338942,0.057036500016693026
Adam,60,7.1074190663828406e-09,0.13393951650750469,1.0,0.875,4,240,1.683733600017149,0.057579000014811754
Adam,61,7.106530860007384e-09,0.13393889241999618,1.0,0.875,4,244,1.7215161000494845,0.037780099955853075
Adam,62,7.105388967613665e-09,0.13393809010074992,1.0,0.875,4,248,1.7503587999963202,0.028838499973062426
Adam,63,7.104445243135634e-09,0.1339374266848995,1.0,0.875,4,252,1.806718300038483,0.05635730002541095
Adam,64,7.103257148106521e-09,0.13393659199331762,1.0,0.875,4,256,1.8332186000188813,0.026490500022191554
Adam,65,7.102180342552398e-09,0.1339358351079915,1.0,0.875,4,260,1.8605513999937102,0.027330099954269826
Adam,66,7.100914153724343e-09,0.1339349453866399,1.0,0.875,4,264,1.8877719000447541,0.027217299968469888
Adam,67,7.099862626566481e-09,0.13393420632616862,1.0,0.875,4,268,1.9135343999951147,0.025758599978871644
Adam,68,7.098604070523534e-09,0.13393332176026554,1.0,0.875,4,272,1.9380416000494733,0.024503799970261753
Adam,69,7.097379348534926e-09,0.1339324610815386,1.0,0.875,4,276,1.9623267000424676,0.0242823000298813
Adam,70,7.09635018890672e-09,0.13393173722971735,1.0,0.875,4,280,1.99033620004775,0.028006999986246228
Adam,71,7.095270871472677e-09,0.1339309782605765,1.0,0.875,4,284,2.0198314000153914,0.029493700014427304
Adam,72,7.094155402393295e-09,0.13393019405923579,1.0,0.875,4,288,2.045176900050137,0.025339099986013025
Adam,73,7.09283227992828e-09,0.13392926360732071,1.0,0.875,4,292,2.073850200045854,0.02867050003260374
Adam,74,7.091549833268528e-09,0.13392836198410693,1.0,0.875,4,296,2.102764000010211,0.028912500012665987
Adam,75,7.090474471005064e-09,0.13392760564916714,1.0,0.875,4,300,2.1387623000191525,0.035994999983813614
Adam,76,7.08916483081409e-09,0.13392668433247254,1.0,0.875,4,304,2.1637834000284784,0.025017300038598478
Adam,77,7.08788241537952e-09,0.13392578244111883,1.0,0.875,4,308,2.1864031000295654,0.022618499991949648
Adam,78,7.0869121981991395e-09,0.13392509959798998,1.0,0.875,4,312,2.2129869000054896,0.02657539997017011
Adam,79,7.0857371656414075e-09,0.13392427261552514,1.0,0.875,4,316,2.236572400026489,0.023582099995110184
Adam,80,7.084534703629948e-09,0.13392342654914566,1.0,0.875,4,320,2.2633013000013307,0.026727499964181334
Adam,81,7.083119800395055e-09,0.13392243122772274,1.0,0.875,4,324,2.2878751000389457,0.024571300018578768
Adam,82,7.0819458641829424e-09,0.1339216050699798,1.0,0.875,4,328,2.3137014000094496,0.025823400006629527
Adam,83,7.080849147469026e-09,0.13392083294825485,1.0,0.875,4,332,2.3403170999954455,0.02661249996162951
Adam,84,7.079686771456842e-09,0.13392001451380856,1.0,0.875,4,336,2.3667114000418223,0.026392300031147897
Adam,85,7.0784782170954046e-09,0.133919163707997,1.0,0.875,4,340,2.3931379000423476,0.02642609999747947
Adam,86,7.077236203380102e-09,0.1339182890796356,1.0,0.875,4,344,2.41859460005071,0.025451399968005717
Adam,87,7.075747525808998e-09,0.13391724111018244,1.0,0.875,4,348,2.445702800003346,0.027104799984954298
Adam,88,7.074420649402316e-09,0.13391630691736134,1.0,0.875,4,352,2.4694208000437357,0.023715200019069016
Adam,89,7.073210460931199e-09,0.133915454641121,1.0,0.875,4,356,2.496461700007785,0.027038200001697987
Adam,90,7.0716339230659755e-09,0.13391434452051118,1.0,0.875,4,360,2.522479100036435,0.026015800016466528
Adam,91,7.070231849849371e-09,0.13391335710693575,1.0,0.875,4,364,2.5505292000016198,0.028046299994457513
Adam,92,7.069074254736554e-09,0.13391254153260884,1.0,0.875,4,368,2.578072100004647,0.027541099989321083
Adam,93,7.067846340857197e-09,0.1339116763980404,1.0,0.875,4,372,2.6019450000021607,0.02387009997619316
Adam,94,7.06623901511309e-09,0.13391054424084492,1.0,0.875,4,376,2.626484200009145,0.0245351999765262
Adam,95,7.064918220648683e-09,0.13390961342225166,1.0,0.875,4,380,2.651461100031156,0.024972099985461682
Adam,96,7.0634632799878885e-09,0.13390858805069317,1.0,0.875,4,384,2.67611310002394,0.024649000028148293
Adam,97,7.062028274773806e-09,0.1339075770020904,1.0,0.875,4,388,2.69988570001442,0.023769799969159067
Adam,98,7.06050268921849e-09,0.13390650187911016,1.0,0.875,4,392,2.7230774000054225,0.02319019997958094
Adam,99,7.0591169917956684e-09,0.13390552485498752,1.0,0.875,4,396,2.749614800035488,0.026531900046393275
Adam,100,7.0578330914387054e-09,0.13390461968251796,1.0,0.875,4,400,2.773653900017962,0.024036900023929775
AdamW,1,0.24339056136185266,0.8582496224561943,0.9375,0.75,4,4,0.03257859998848289,0.03257640002993867
AdamW,2,0.0004425958208741565,0.9442108306621187,1.0,0.75,4,8,0.0647511999704875,0.03216989996144548
AdamW,3,0.14781142396164407,2.561399443498156,0.9375,0.75,4,12,0.09898870001779869,0.034233299957122654
AdamW,4,5.6450465855134975e-05,1.6223208161063551,1.0,0.75,4,16,0.13329239998711273,0.034294200013391674
AdamW,5,5.664612401618249e-08,0.9323705639768368,1.0,0.875,4,20,0.1598672000109218,0.026573200011625886
AdamW,6,1.898119546275362e-08,0.5466910148925682,1.0,0.875,4,24,0.18719839997356758,0.027328500000294298
AdamW,7,1.3275056737284861e-08,0.2956098888647735,1.0,0.875,4,28,0.21387789997970685,0.026673000014852732
AdamW,8,1.1088647440973413e-08,0.1607664998827276,1.0,0.875,4,32,0.24268109997501597,0.02880099997855723
AdamW,9,1.0086939299508159e-08,0.11479180711925295,1.0,1.0,4,36,0.27268140000524,0.029996299999766052
AdamW,10,9.599404719879382e-09,0.10656964536347487,1.0,1.0,4,40,0.3013712000101805,0.028687599988188595
AdamW,11,9.372139450093374e-09,0.11086070611439289,1.0,1.0,4,44,0.327084599994123,0.02571180002996698
AdamW,12,9.290704524839615e-09,0.11784236647458302,1.0,1.0,4,48,0.35273169999709353,0.02564369997708127
AdamW,13,9.296528312413867e-09,0.12430406996054841,1.0,1.0,4,52,0.379940600018017,0.02720649994444102
AdamW,14,9.357690411275295e-09,0.12944052191354052,1.0,0.875,4,56,0.4075532999704592,0.027608699980191886
AdamW,15,9.45529011972666e-09,0.13326070621183708,1.0,0.875,4,60,0.43725080002332106,0.029693899967242032
AdamW,16,9.57783244249058e-09,0.13600520278623707,1.0,0.875,4,64,0.4664574000053108,0.02920370001811534
AdamW,17,9.718026144212352e-09,0.13793932533439598,1.0,0.875,4,68,0.49543650000123307,0.028975400025956333
AdamW,18,9.870995158886582e-09,0.13928828592052636,1.0,0.875,4,72,0.5255743999732658,0.03013549995375797
AdamW,19,1.003358133494265e-08,0.14022513578486998,1.0,0.875,4,76,0.5549498000182211,0.029372300021350384
AdamW,20,1.0203677149404487e-08,0.14087626947264506,1.0,0.875,4,80,0.5840027999947779,0.02905120002105832
AdamW,21,1.0379869818874603e-08,0.141331362830244,1.0,0.875,4,84,0.6093076000106521,0.025302199996076524
AdamW,22,1.0561121329702957e-08,0.1416528586415608,1.0,0.875,4,88,0.633045399968978,0.023734999995213002
AdamW,23,1.0747247242657987e-08,0.14188400176897933,1.0,0.875,4,92,0.6614835999789648,0.02843629999551922
AdamW,24,1.093714804461195e-08,0.14205386072223963,1.0,0.875,4,96,0.6875780000118539,0.02609130000928417
AdamW,25,1.1130897822234957e-08,0.14218256813441638,1.0,0.875,4,100,0.7189095999929123,0.03132990002632141
AdamW,26,1.1328206276462331e-08,0.14228357731219576,1.0,0.875,4,104,0.7480777999735437,0.02916529995854944
AdamW,27,1.1529236818373729e-08,0.14236611922302914,1.0,0.875,4,108,0.7754871000070125,0.027404199994634837
AdamW,28,1.1733763659818886e-08,0.14243624535116697,1.0,0.875,4,112,0.8061159999924712,0.03062630002386868
AdamW,29,1.194191818193252e-08,0.14249813985978493,1.0,0.875,4,116,0.8327297000214458,0.026610200002323836
AdamW,30,1.2153346511468776e-08,0.1425544097559582,1.0,0.875,4,120,0.8573410999961197,0.024608500010799617
AdamW,31,1.2368140259274979e-08,0.1426069405340935,1.0,0.875,4,124,0.8833289999747649,0.02598569996189326
AdamW,32,1.2586671090071255e-08,0.14265711462363162,1.0,0.875,4,128,0.9081232000025921,0.024792200012598187
AdamW,33,1.2808935791224338e-08,0.14270573983647497,1.0,0.875,4,132,0.9343227000208572,0.026196699996944517
AdamW,34,1.3034954388467259e-08,0.1427533574243884,1.0,0.875,4,136,0.9592541999882087,0.024926199985202402
AdamW,35,1.326450498636672e-08,0.1428002277380585,1.0,0.875,4,140,0.9856236000196077,0.026366300007794052
AdamW,36,1.349702390024101e-08,0.1428463600435365,1.0,0.875,4,144,1.012823099968955,0.027198199997656047
AdamW,37,1.3734105029470461e-08,0.14289252591763324,1.0,0.875,4,148,1.0382248000241816,0.025395699951332062
AdamW,38,1.3974598057692961e-08,0.14293836384671577,1.0,0.875,4,152,1.0677076000138186,0.029478900018148124
AdamW,39,1.4219213847228701e-08,0.14298419903468007,1.0,0.875,4,156,1.0936122999992222,0.025902500026859343
AdamW,40,1.4467087922616891e-08,0.1430297369512814,1.0,0.875,4,160,1.12209790002089,0.028481900051701814
AdamW,41,1.4718778469633822e-08,0.14307520290668413,1.0,0.875,4,164,1.153251799987629,0.03115210001124069
AdamW,42,1.4975472993886012e-08,0.1431210251847072,1.0,0.875,4,168,1.1906219000229612,0.037366499949712306
AdamW,43,1.5235719729001654e-08,0.14316666934747357,1.0,0.875,4,172,1.2231062999926507,0.03248230001190677
AdamW,44,1.5500413681795668e-08,0.14321244418765067,1.0,0.875,4,176,1.2570630999980494,0.03395409998483956
AdamW,45,1.576878859687936e-08,0.14325806924141787,1.0,0.875,4,180,1.296188100008294,0.03912200004560873
AdamW,46,1.604077281981906e-08,0.14330351082646148,1.0,0.875,4,184,1.327916499983985,0.03172520000953227
AdamW,47,1.6317924972796683e-08,0.14334927901141653,1.0,0.875,4,188,1.3554934000130743,0.027573600003961474
AdamW,48,1.659934718688807e-08,0.14339504880885878,1.0,0.875,4,192,1.3866227000253275,0.031127299997024238
AdamW,49,1.6884727638553308e-08,0.14344070257253394,1.0,0.875,4,196,1.415599400002975,0.028973500011488795
AdamW,50,1.7174285565837335e-08,0.14348629637690777,1.0,0.875,4,200,1.4463603000040166,0.030757900036405772
AdamW,51,1.746889908635962e-08,0.14353209138011752,1.0,0.875,4,204,1.4880799999809824,0.04171560000395402
AdamW,52,1.7768516335465757e-08,0.14357804418979392,1.0,0.875,4,208,1.5363959000096656,0.04831189999822527
AdamW,53,1.807215467168026e-08,0.14362383098486203,1.0,0.875,4,212,1.5775941999745555,0.04119489999720827
AdamW,54,1.8380523986007034e-08,0.14366965293891235,1.0,0.875,4,216,1.614754099980928,0.037153300014324486
AdamW,55,1.869366777506209e-08,0.1437155031497443,1.0,0.875,4,220,1.6467677999753505,0.03201049997005612
AdamW,56,1.901163644660751e-08,0.14376137806887937,1.0,0.875,4,224,1.6741687000030652,0.02739800000563264
AdamW,57,1.9334483933369753e-08,0.14380727432291357,1.0,0.875,4,228,1.7044257000088692,0.030253600038122386
AdamW,58,1.9661759536706873e-08,0.14385304380814035,1.0,0.875,4,232,1.7357997000217438,0.03137129999231547
AdamW,59,1.9995980269247047e-08,0.14389937880394446,1.0,0.875,4,236,1.7636524999979883,0.027850600017700344
AdamW,60,2.0332934802765754e-08,0.14394507412155927,1.0,0.875,4,240,1.7928013000055216,0.029145500040613115
AdamW,61,2.0677230999588578e-08,0.14399139393307012,1.0,0.875,4,244,1.8209296999848448,0.028124400007072836
AdamW,62,2.1024854585728002e-08,0.14403721516211188,1.0,0.875,4,248,1.8479324000072666,0.02700100000947714
AdamW,63,2.1379371038000934e-08,0.14408348485281858,1.0,0.875,4,252,1.8753397000255063,0.02740389999235049
AdamW,64,2.1737288897110955e-08,0.14412925682137862,1.0,0.875,4,256,1.9036839000182226,0.028342700039502233
AdamW,65,2.2101581529853672e-08,0.14417529659142925,1.0,0.875,4,260,1.9324407000094652,0.028753200022038072
AdamW,66,2.2469742991293857e-08,0.14422094140169198,1.0,0.875,4,264,1.9584656999795698,0.026021700003184378
AdamW,67,2.2845383195145972e-08,0.1442670923845577,1.0,0.875,4,268,1.990200400003232,0.031730899994727224
AdamW,68,2.3224765020673648e-08,0.14431278836795294,1.0,0.875,4,272,2.019731700012926,0.02952870004810393
AdamW,69,2.3610153834672146e-08,0.14435858316363065,1.0,0.875,4,276,2.047577799996361,0.027843300020322204
AdamW,70,2.4003243009775e-08,0.14440485776423156,1.0,0.875,4,280,2.073312899970915,0.025733299960847944
AdamW,71,2.440171554718642e-08,0.14445102989531938,1.0,0.875,4,284,2.0986045000026934,0.02528820000588894
AdamW,72,2.480576581608028e-08,0.14449713196435712,1.0,0.875,4,288,2.1310243000043556,0.032418099988717586
AdamW,73,2.521357284475486e-08,0.14454272740127477,1.0,0.875,4,292,2.1588060000212863,0.027779399999417365
AdamW,74,2.562786047406578e-08,0.14458844144248884,1.0,0.875,4,296,2.185431400022935,0.026623699988704175
AdamW,75,2.60506577321798e-08,0.14463470273109963,1.0,0.875,4,300,2.211835300025996,0.026400999980978668
AdamW,76,2.6476903549048462e-08,0.144680354220732,1.0,0.875,4,304,2.2384730000048876,0.026635300018824637
AdamW,77,2.6909732329922838e-08,0.14472608978863657,1.0,0.875,4,308,2.270533000002615,0.032056900032330304
AdamW,78,2.7352888177076424e-08,0.14477268745174643,1.0,0.875,4,312,2.3044349999981932,0.03389600000809878
AdamW,79,2.7799863502554356e-08,0.14481871897720416,1.0,0.875,4,316,2.333531500014942,0.029095200006850064
AdamW,80,2.8253005292318283e-08,0.1448646828086408,1.0,0.875,4,320,2.362711399968248,0.029176399984862655
AdamW,81,2.8709777215538342e-08,0.14491004210585573,1.0,0.875,4,324,2.3910977999912575,0.02838299999712035
AdamW,82,2.9176607462651475e-08,0.1449561068315785,1.0,0.875,4,328,2.4195787999778986,0.028478099964559078
AdamW,83,2.965137263342428e-08,0.14500240586454038,1.0,0.875,4,332,2.4456892000162043,0.026107800018507987
AdamW,84,3.0132013599069e-08,0.14504850696048305,1.0,0.875,4,336,2.4710143000120297,0.02532210003118962
AdamW,85,3.061886431177887e-08,0.14509446820971167,1.0,0.875,4,340,2.498668299987912,0.027651900018099695
AdamW,86,3.111216747375814e-08,0.14514032189237824,1.0,0.875,4,344,2.5267503000213765,0.028079999960027635
AdamW,87,3.1608348184407264e-08,0.1451853823447221,1.0,0.875,4,348,2.5539696000050753,0.027215000009164214
AdamW,88,3.211435170428159e-08,0.1452309613763591,1.0,0.875,4,352,2.5823181999730878,0.028346799954306334
AdamW,89,3.2629630957000624e-08,0.1452769195258634,1.0,0.875,4,356,2.6101525999838486,0.027831499988678843
AdamW,90,3.3145434319837195e-08,0.14532163439182677,1.0,0.875,4,360,2.638283699983731,0.028127699973993003
AdamW,91,3.3671721260244076e-08,0.1453669268820509,1.0,0.875,4,364,2.670818499987945,0.03253119997680187
AdamW,92,3.421018183836532e-08,0.1454130549300894,1.0,0.875,4,368,2.701826800010167,0.031005199998617172
AdamW,93,3.4754802313565144e-08,0.14545891988754275,1.0,0.875,4,372,2.734445500012953,0.03261720004957169
AdamW,94,3.529913182175676e-08,0.1455034062524504,1.0,0.875,4,376,2.7701995000243187,0.03574929997557774
AdamW,95,3.585706983658837e-08,0.1455489109716595,1.0,0.875,4,380,2.801441200019326,0.031238600029610097
AdamW,96,3.6419761275668604e-08,0.14559389521046034,1.0,0.875,4,384,2.83136289997492,0.029919099994003773
AdamW,97,3.6990627295468386e-08,0.14563893428886063,1.0,0.875,4,388,2.859840399993118,0.02847489999840036
AdamW,98,3.756718869954396e-08,0.14568359923856222,1.0,0.875,4,392,2.8875272999866866,0.027682999963872135
AdamW,99,3.815492959753371e-08,0.14572877089403308,1.0,0.875,4,396,2.9142464000033215,0.02671629999531433
AdamW,100,3.8753214650255274e-08,0.14577431876213914,1.0,0.875,4,400,2.9379028999828734,0.023653400014154613
